170398,Mazzini Square Central Renewed Apartment,10
246118,Trastevere Lovely Terrace Apartment,20
246109,Via Giulia Charming & Cozy Apartment,9
362220,St. Peter View,8
362232,Vatican One Bedroom - Monte del gallo,12
362245,St. Paul Basilica,45
362252,St. Peter Suite,20
246144,Monti Beautiful Petit Clementine - 1 Bedroom Apartment in Colosseo,19
362239,Vatican Domus Romae,20
264695,Amazing 1 Bedroom Apartment in Vaticano with Aircon - Vatican Luxury Loft,11
362253,Vatican Museum,74
442639,Caracalla Area - Top Location - Stay All In,13
442652,Testaccio Area - Great Location - Stay All In,7
452388,Campo de' Fiori Gray,282
362233,Domus Costanza,28
368696,Zen Room Piazza Re di Roma B&B,17
368697,Blue Room Piazza Re di Roma B&B,25
246117,Cozy Elegant And Well Connected,17
246103,Trastevere Fantastic Terrace - 2 Bedroom Apartment,31
162383,Vatican Panoramic 2 Bedroom,24
362227,Vatican Suite,9
144751,Charming 1 Bedroom Apartment in Campo dei Fiori - Eligio Campo dei Fiori Rome,23
246100,Colosseo Lovely Terrace 1 Bedroom Apartment,21
246150,Compact 1 Bedroom Apartment in Colosseo with Aircon,11
386685,Lovely Apartment St Peter's,12
362240,Porta Pia,22
362247,All You Need is Rome,8
264662,Piazza Navona Luxury Terrace Apartment,15
162486,Elegant Suite Farnese,11
386684,Vatican City Apartment,6
257699,Vintage Apartment Trastevere Station,14
246149,Cozy 1 Bedroom Apartment in Trastevere  with Aircon,78
167148,Agreeable Studio Apartment in Trastevere  with Aircon and Parking,43
144752,Intimate 1 Bedroom Apartment in Vaticano - Silveri Vatican Rome Studio,21
406110,Caracalla one bedroom,33
362226,Gianicolense 2 Bedroom,50
167565,Stylish Apartment - Piazza della Repubblica,7
246146,John Cabot Uni Lovely Apartment,17
162370,Sant'eligio Campo di Fiori - 1 Bedroom Apartment in Rome,24
362249,Piazza Vittorio 3 Bedroom,10
362223,Gianicolense 3 Bedroom,12
365266,Trastevere Market Balcony Boutique Domus,10
362236,St. Paul Basilica for Groups,8
265340,Well-spaced 1 Bedroom Apartment in Trastevere  with Aircon and Parking,14
162007,Welcoming 1 Bedroom Apartment in Piazza Di Spagna with Aircon,7
264693,Capo le Case Elegant Apartment,53
362243,Crescenzio 2 Bedroom,55
419456,Mantellate - Studio Apartment in Campo dei Fiori,9
206355,Fantastic 1 Bedroom Apartment in Campo Marzio with Aircon - Altieri Loft Pantheon,9
205952,Comfortable Apartment Navona Square,12
169406,Gallery Apartment in Colosseum,13
440662,Unique Navona Penthouse Terrace,8
419452,Compact Studio Apartment in Piazza di Spagna with Aircon - Penna,7
337860,Friendly 2 Bedroom Apartment in Colosseo with Aircon and Parking,11
162054,Unbeatable 1 Bedroom Apartment in Campo dei Fiori with Aircon,74
162066,Vittoria Luxury Apartment Flavio 960B,74
162075,Coppelle Terrace Lovely Apartment 7,73
162005,Ara Pacis Enchanting Apartment,14
264669,Elegant Spanish Steps Flat,73
264674,Elegant Trevi Fountain Apartment B,48
264689,Ghetto Enchanting Terrace Apartment,11
264703,Elegant Trevi Fountain Apartment A,8
162047,Luxury Panoramic Terrace Campo dei Fiori,22
165846,Spacious 2 Bedroom Apartment in Colosseo with Aircon and Balcony,21
344448,Short Stay in Rome Apartment Vatican,13
265336,Navona Librari Apartment Boutique Domus,5
170419,Trevi Enchanting Terrace 1 Bedroom Apartment,6
162313,Amazing 1 Bedroom Apartment in Piazza di Spagna with Aircon - Mario dei Fiori Suite,21
162369,Trastevere Loft Scala - 1 Bedroom Apartment in Rome,14
162297,Cappellari 2 - 1 Bedroom Apartment in Rome,41
162299,Awesome 1 Bedroom Apartment in Campo dei Fiori with Aircon,13
162300,Fantastic 1 Bedroom Apartment in Campo dei Fiori,16
162303,Margutta Studio Apartment - Spanish Steps,30
244997,Super 1 Bedroom Apartment in Trastevere - Trilussa,7
362224,Sibilla 3 Bedroom,6
162310,Piazza Navona Suite - 3 Bedroom Apartment in Piazza Navona,11
162307,Attico Sannio 2,30
347522,Luxury Apartment Colosseum,5
187735,Smart Studio Apartment Campo de’ Fiori,12
167012,Trastevere G - 2 Bedroom Apartment in Roma,40
241309,Amazing Roof Terrace Colosseum,12
162030,Cancelleria Enchanting Studio Loft,74
167136,Termini B - 1 Bedroom Apartment in Rome,11
347541,Design Apartment Colosseum - 1 Bedroom Apartment in Rome,15
265334,Accessible 1 Bedroom Apartment in Campo dei Fiori with Aircon and Balcony,21
338739,Eagle Eye,6
203468,Wonderful 1 Bedroom Apartment in Colosseo with Aircon - Monti Residence 4,17
162062,Trastevere Amazing Panoramic Apartment,78
188275,Panieri Cute 1 Bedroom Apartment,73
161968,Colosseo Terrace Apartment,20
264652,Borgo Pio Panoramic Apartment,49
264677,Luxury Modern Design Apartment,7
445134,Rome Unique Grand Urbana Duplex 2 Bedroom,6
428434,Santissimi Quattro,13
161831,Campo de Fiori Superb Apartment,10
161832,Coppelle Stylish Apartment 1,34
161966,Benedetta Terrace Apartment,74
264657,Palazzo Cenci Elegant Apartment,35
264670,Spacious 1 Bedroom Apartment in Colosseo with Aircon,73
167902,Piazza Navona Luxury One Bedroom Apartment,8
264684,Navona Elegant 1 Bedroom Apartment,16
164149,Charming 1 Bedroom Apartment in Campo dei Fiori with Aircon and Balcony - Campo dè Fiori,74
164163,Well-spaced 1 Bedroom Apartment in Vaticano - Eroi Bis,7
162050,Orso Amazing Elegant Apartment,85
162069,Panoramic Breathtaking View Argentina,27
169844,Palazzo Balestra Luxury Apartment,33
161975,Pellegrino 1 Bedroom Apartment Lovely Terrace,74
264650,Panoramic Terrace Trastevere,14
161996,Elegant Spanish Steps Apartment,74
264656,Monteverde Bright Apartment,91
264661,Fantastic 1 Bedroom Apartment in Piazza Di Spagna - Popolo Family Suite,73
264665,Spanish Steps Elegant Apartment,73
264666,Trevi Fountain Terrace 1 Bedroom Apartment,23
162020,Banchi Nuovi Elegant Loft,16
167147,Trastevere E - 1 Bedroom Apartment in Trastevere,6
347476,Trendy Apartment Piazza del Popolo,7
364004,Ideal Apartment Navona Square,15
362228,Via Veneto 3 Bedroom,14
442664,S. Angelo Bridge - Super Central - STAY ALL IN,9
161974,Villa Fortuny Esquilino Apartment,77
162004,Marco Aurelio Two Bedroom Apartment,13
162009,Navona Apartment Panoramic Terrace,13
210952,Casa delle Coppelle Appartamento 3,6
170420,St. Peter Prestigious Family Apartment,8
247042,Urban Superior Colosseum Monti - 1 Bedroom Apartment in Rome,13
337219,Friendly 1 Bedroom Apartment in Trastevere  with Aircon - Leopardo,7
162063,Governo Vecchio Luxury Modern Apartment,21
161971,Trastevere Lovely Apartment,73
162003,Campo dei Fiori Charming Apartment,74
162006,Charming 1 Bedroom Apartment in Colosseo - Madonna dei Monti Panoramic Terraceoriginal,32
162017,Spagnoli Quiet Apartment,74
264676,Welcoming Studio Apartment in Colosseo - Panoramic Loft Fori Imperiali,10
264683,Apartment Spanish Steps,12
337426,Gesù 1 Apartment,9
166994,Intimate 1 Bedroom Apartment in Trastevere  with Aircon,6
161983,Villa Fortuny Aventino Apartment,93
362235,Gianicolense 5 Bedroom,8
337760,Well-appointed 1 Bedroom Apartment in Campo dei Fiori with Balcony,23
391218,Rome - Charming Apartment Campo dei Fiori R,8
162064,Vittoria Luxury  Apartment Caligola 160,74
191704,Pantheon Spanish Steps 2 Bedroom Rome,17
164165,Livia - 1 Bedroom Apartment in Rome,9
161826,3 Bedroom Apartment - Luxury Spanish Steps Terrace,24
337861,Domus Antiqua - 1 Bedroom Apartment in Rome,14
389048,Giubbonari Pietro Apartment,8
419453,Domus Papa - 2 Bedroom Apartment in Vaticano,6
162000,Acquario Hi Tech Apartment,5
167132,Vaticano C - 1 Bedroom Apartment in Rome,11
161824,Campo dei Fiori Luxury Terrace Apartment,7
161827,Trastevere Panoramic Luxury Terrace,11
161829,Piazza Navona Lancellotti 2 Bedroom Apartment,16
162086,Elegant Bright Apartment with 2 Bedroom in Fori Imperiali,10
161963,Vatican Comfortable Sunny Apartment,24
161979,Elegant  Bright  Apartment Vatican,15
161990,Lovely Apartment Trastevere,16
161992,2 Bedroom Apartment in Rome,73
161993,St. Peter Wonderful View Apartment,9
264655,Fori Imperiali Hi-Tech Luxury Flat,11
162001,Elegant Apartment Campo dei Fiori,73
161754,Coppelle Elegant Apartment 4,7
162011,Enchanting Apartment Giulia View,15
161758,Piazza Navona Charming 2 BedroomApartment,24
264671,Barberini Luxury Terrace Apartment,7
264672,Corso Central Two Bedroom Apartment,22
161760,Campo dei Fiori Bright Apartment,5
264688,Amazing 2 Bedroom Apartment in Piazza di Spagna - Corso Central Apartment,9
162033,Elegant Campo Dei Fiori Apartment,23
264690,Trevi Fountain Apartment,74
162036,Giulia Stylish Enchanting Apartment,15
203447,Cupola - 3 Bedroom Apartment in Rome,51
144773,Awesome 2 Bedroom Apartment in Colosseo with Aircon and Parking,27
167133,Vaticano D - 1 Bedroom Apartment in Rome,25
171070,3 Bedroom Apartment in Rome,79
161836,Spanish Steps Luxury Apartment,16
348555,Minerva 4,8
162018,Pallaro Terrace Stunning View,47
203454,Incredible 3 Bedroom Apartment in Campo dei Fiori - Arenula,9
187451,Goethe - Villa Fortuny - 4 Bedroom Apartment in Rome,5
428430,Modena,14
188277,Giulia Luxury Apartment,11
161753,3 Bedroom Apartment in Campo Marzio - Apartment Luxury Pantheon,9
162015,3 Bedroom Apartment in Villa Borghese with Aircon - Dolce Vita Luxury Terrace,15
162048,Dolce Vita Elegant Two Bedroom,5
162094,Trevi Fountain Elegant Two Bedroom,7
162143,Villa Fortuny Borghetto Apartment,78
161973,Farnese Stylish Apartment,73
167903,Ara Pacis Elegant Panoramic Apartment,78
264692,Apartment Charming Sistina,13
264697,Spanish Steps Panoramic Apartment,26
161972,Giulia Penthouse Apartment,9
167904,Coronari Terrace With Amazing View - 2 Bedroom in Piazza Navona,9
161980,Villa Fortuny Campidoglio Apartment,25
209555,Casa delle coppelle appartamento 4,11
167137,Termini C - 2 Bedroom Apartment in Rome,22
144748,Dandolo Trastevere Terrace,14
167145,Trastevere A -  3 Bedroom Apartment in Trastevere,20
171068,Frattina - 4 Bedroom Apartment in Rome,8
161967,3 Bedroom Apartment - Fori Imperiali Breathtaking View,6
187671,Ambrose - 3 Bedroom Apartment in Villa Borghese,16
166996,Spacious 1 Bedroom Apartment in Trastevere  with Aircon,5
161828,Large 2 Bedroom Apartment in Campo Marzio with Aircon,11
264668,Lucina Wonderful View 2 Bedroom Apartment in Piazza di Spagna,21
162035,Piazza Navona Contemporary Luxury Terrace,20
164147,Ara Pacis - 1 Bedroom Apartment in Rome,12
264664,Fine 2 Bedroom Apartment in Villa Borghese with Aircon - Luxury Panoramic Terrace Prati,89
264698,Palazzo Lancellotti Luxury Apartment,10
247039,Capo di Ferro - 5 Bedroom Apartment in Rome,10
161998,Trastevere Luxury Large Apartment,28
389046,Perfect 2 Bedroom Apartment in Campo dei Fiori with Aircon,13
248022,Vaticano 1 - 4 Bedroom Apartment in Rome,17
144749,Rome Cavour Colosseum 3 Bedroom,14
167566,Beautiful Apartment - St. Peter,12
161965,Spanish Steps Stylish Apartment Carrozze,74
162014,Margutta Luxury Terrace,16
144756,Spanish Steps Terrace Jacuzzi - 1 Bedroom Apartment in Rome,6
161755,Luxury Apartment Fori Imperiali,9
161985,Villa Fortuny Celio Upperfloor,10
162031,Pantheon Large Comfortable Apartment,8
162311,Piazza Navona Relais - 4 Bedroom Apartment in Rome,13
171027,Large Elegant Apartment Piazza Navona,12
161825,Campo de Fiori Luxury 4 Bedroom  House,7
161834,Ara Pacis Terrace Large 4 Bedroom Apartment,15
171050,Piazza Navona Large Panoramic Apartment,15
167131,Trastevere 6 - 4 Bedroom Apartment in Rome,5
161988,Villa Fortuny Quirinale Apartment,9
167130,Super 2 Bedroom Apartment in Vaticano with Aircon and Parking - Vaticano B,8
417760,Grand Trevi Fountain Rome,57
161833,Bernini Luxury Panoramic Apartment,6
162010,Amazing 3 Bedroom Apartment in Campo Marzio with Aircon -  Navona Luxury Terrace,45
162059,Bocca di Leone Luxury Two Bedroom Apartment,17
162067,Bocca di Leone Luxury Large Apartment,15
246147,St. Peter Awesome Family Apartment,Not Found
338741,Penthouse + Eagle Eye Attic Combo,Not Found
450791,Ruby,Not Found
451375,Lucky Domus Esquilino,Not Found
452423,San Giovanni View,Not Found
451361,Marcello,Not Found
452167,Trastevere Great Beauty,Not Found
452336,Campo di Fiori Residence,Not Found
451594,Behind St.Peter,Not Found
246145,Monti Amazing Family Apartment,Not Found
451184,Superior Vatican,Not Found
450738,Messina Mondrian,Not Found
451777,Vatican Panorama,Not Found
451017,Il Tulipano Colosseo,Not Found
451319,Esedra,Not Found
450706,Donna Rossa,Not Found
452048,Passione Trastevere,Not Found
452108,Campo de' Fiori Vintage,Not Found
450682,Campo De' Fiori Orange,Not Found
451096,Trastevere Belli,Not Found
451363,Domus Valentina,Not Found
450684,Bonheur Monti,Not Found
451381,Lucky Domus Appio,Not Found
451107,Trastevere Terrace C2,Not Found
362237,Vatican Dome,Not Found
451270,Terry's,Not Found
451271,Trastevere Sweet,Not Found
451021,Monte Farina,Not Found
246143,Beautiful Studio Castel Sant'Angelo,Not Found
451016,Saint Peter,Not Found
451440,Violet Suite,Not Found
450515,Colosseo II,Not Found
450516,Dolce Albani,Not Found
167139,Cozy 1 Bedroom Apartment in San Lorenzo,Not Found
450633,Sanniti,Not Found
452150,Colosseo Home,Not Found
265335,Family-friendly 2 Bedroom Apartment in Quartiere Portuense,Not Found
452131,San Pietro Home,Not Found
451171,Monti Loft 2,Not Found
452339,Giulia Superior Suite III,Not Found
452348,Barberini Suite,Not Found
451590,The Crossroad,Not Found
450887,Otto House Roma,Not Found
450574,Tiburtino,Not Found
362231,Vatican Hill,Not Found
452225,Germaxi,Not Found
452182,Suite Capitale,Not Found
452534,Caracalla,Not Found
451591,Modern CLS,Not Found
162304,Ginnasi Terrace - 1 Bedroom Apartment in Campo Marzio,Not Found
451111,Vatican Giuliana,Not Found
451224,Crescenzio,Not Found
452073,Trastevere Joy,Not Found
451625,Monti Clementina,Not Found
451438,Sweet Colosseum,Not Found
451452,Vaticano Konstantin,Not Found
452532,Grand Urbana Duplex,Not Found
452349,San Giovanni Suite,Not Found
451170,Livia,Not Found
451200,Navona Boutique,Not Found
451024,Scala Duplex,Not Found
451975,Trastevere Luna,Not Found
451322,Gallo,Not Found
451376,Bernini Suite Studio,Not Found
451232,Holidays,Not Found
452168,One Step To Pantheon,Not Found
450601,Studios Tiburtina I,Not Found
450941,Studios Tiburtina II,Not Found
450683,Campo De' Fiori Black,Not Found
451596,La Maison du Cardinal,Not Found
451852,Giulia Superior Suite 1,Not Found
451853,Giulia Superior Suite II,Not Found
451675,Vaticano Cipro 1,Not Found
450800,Campani Red,Not Found
452338,Colosseum View Suite,Not Found
452341,Grande Monteverde,Not Found
368698,White Sand Suite Piazza Re di Roma B&B,Not Found
450780,Vaticano Cipro 2,Not Found
450871,Vatican Deluxe,Not Found
162308,Fantastic 2 Bedroom Apartment in Campo dei Fiori with Aircon,Not Found
450929,Vespasiano,Not Found
451799,Mattia Luminoso,Not Found
451105,Trastevere Terrace C1,Not Found
451106,Trastevere Terrace C3,Not Found
451108,Trastevere Terrace C5,Not Found
451110,Trastevere Bologna,Not Found
451197,Venezia Terrace,Not Found
451976,Trastevere Sole,Not Found
451601,Portaportese,Not Found
451201,Sweet Trastevere,Not Found
451022,Piazza Navona Duplex,Not Found
450783,Classic Red,Not Found
450544,Rione Ponte,Not Found
451378,Lucky Domus Vatican,Not Found
170397,Trastevere Pure Jewel New Apartment,Not Found
451878,St Peter Lodge,Not Found
452484,Navona Penthouse Terrace,Not Found
451020,Grecia Antica,Not Found
452342,Casa Grotte,Not Found
451582,Modern D1,Not Found
451320,Nazionale,Not Found
451379,Vatican Cool,Not Found
452424,Monteverde Garden,Not Found
452179,Nicolò V,Not Found
167544,Comfortable 1 Bedroom Apartment in Piazza Navona,Not Found
451240,Marco,Not Found
451241,Trilussa House,Not Found
265333,Good-sized 1 Bedroom Apartment in Trastevere  with Aircon and Parking,Not Found
452345,Babuino Steps,Not Found
452171,Domus B1,Not Found
452172,Domus B2,Not Found
452173,Domus B3,Not Found
451112,Navona Terrace,Not Found
451113,Navona Luxury Suite,Not Found
451775,Maria Maggiore,Not Found
452337,Principe Umberto,Not Found
452340,Gregorio VII,Not Found
451836,Grand Trevi Fountain,Not Found
450870,Cairoli,Not Found
451167,Eroi Bis,Not Found
450914,Degli Equi II,Not Found
450956,Vespucci,Not Found
451284,Monti Loft,Not Found
162309,Magna Grecia San Giovanni - 3 Bedroom Apartment in Esquilino,Not Found
161997,Pleasant Studio Apartment in Piazza Navona,Not Found
264702,Elegant Apartment Fontanella Borghese,Not Found
451467,Otto House Roma II,Not Found
246102,Welcoming 2 Bedroom Apartment in Monte Verde,Not Found
451597,Lavinia Termini,Not Found
450810,Roman Walls I,Not Found
450811,Roman Walls II,Not Found
450812,Roman Walls III,Not Found
452238,Suite Capitale Museum,Not Found
451023,Leopardo,Not Found
246151,Family-friendly 4 Bedroom Apartment in Trastevere  with Aircon,Not Found
452536,Stay Testaccio,Not Found
451182,Colisseum Labicana,Not Found
451598,Mantellate,Not Found
451600,Pianellari Loft,Not Found
451773,Bella Margutta,Not Found
451776,Margutta Studio,Not Found
451842,Diamond II,Not Found
450867,Ara Pacis Deluxe,Not Found
450937,Casilina,Not Found
167543,Great 2 Bedroom Apartment in Pantheon,Not Found
451518,Colosseum Monti,Not Found
452441,Saint Peter Station II,Not Found
451371,Trastevere Belli II,Not Found
451515,Trilussa,Not Found
450790,Leopard Studio,Not Found
451581,Modern TPZ,Not Found
450656,Marrucini,Not Found
450552,Degli Equi I,Not Found
450799,Tiburtino Living,Not Found
451199,Farnese Suite,Not Found
451770,Scala Trastevere Loft,Not Found
451783,Monserrato Loft,Not Found
451784,Cartari Suite,Not Found
451029,Spanish Steps Piccolo,Not Found
162090,Trastevere Panoramic Terrace Apartment,Not Found
161982,Good-sized 1 Bedroom Apartment in Campo dei Fiori - Reinassance Square View,Not Found
162002,Renzi Amazing Terrace,Not Found
451172,Celestino Suite,Not Found
451028,Sannio Terrace White,Not Found
451818,Testaccio,Not Found
452344,San Giovanni House,Not Found
452346,Testaccio 2,Not Found
452347,Attico Sannio,Not Found
337429,Convenient Studio Apartment in Piazza Navona,Not Found
264691,Corso Charming Apartment,Not Found
451987,Trastevere Lovely House,Not Found
452169,Casa di Lucrezia,Not Found
337660,Large 1 Bedroom Apartment in Pantheon,Not Found
451109,Trastevere Terrace C4,Not Found
452422,Piazza Venezia Penthouse,Not Found
451584,Modern LG1,Not Found
451588,Modern LP Loft,Not Found
451849,San Pietro Charme,Not Found
451583,Modern LG2,Not Found
451231,Suite Vaticano,Not Found
451377,Borromini Suite,Not Found
451165,Cupolone,Not Found
451166,Elisa,Not Found
451169,Flavia II,Not Found
451449,City Centre Popolo,Not Found
450877,Torlonia Deluxe,Not Found
451183,Romantic Vatican,Not Found
451272,Rione Ponte II,Not Found
451019,Atmosfere White,Not Found
452044,Trastevere Cuore Verde,Not Found
162312,Studio Chiavari,Not Found
162296,Beautiful 1 Bedroom Apartment in Campo dei Fiori with Aircon - Farnese Suite Campo di Fiori,Not Found
162298,Cappellari 3 - 1 Bedroom Apartment in Rome,Not Found
162315,Colosseo Labicana - 2 Bedroom Apartment in Rome,Not Found
362251,Aventino-Testaccio Sibilla-Bis,Not Found
450623,Viale Vaticano,Not Found
162306,Pleasant 1 Bedroom Apartment in Esquilino,Not Found
264653,Trastevere Panorama Apartment,Not Found
452524,Julia Domus,Not Found
451589,Modern SPH,Not Found
451756,Vaticano Moderno,Not Found
451782,Borgo Pio,Not Found
452043,Collina Verde Trastevere,Not Found
452440,Saint Peter Station I,Not Found
453379,Vittoria Terrace,Not Found
452402,Vaticano Giuliana Deluxe,Not Found
452178,Vaticano Giuliana Suite,Not Found
451755,Gran Terrazza Navona,Not Found
451453,Trastevere Garden,Not Found
337663,Beautiful 1 Bedroom Apartment in Trastevere  with Aircon,Not Found
451336,Navona Romantic Roof Loft,Not Found
452421,Trastevere Heart,Not Found
187449,Lovely 1 Bedroom Apartment in Villa Borghese with Aircon,Not Found
265337,Castel Bright Boutique Domus - 1 Bedroom in Quartiere Portuense,Not Found
452535,Sant Angelo Bridge,Not Found
419454,Casa Marmorata - 2 Bedroom Apartment in Testaccio,Not Found
451791,Romolo Borgo Pio,Not Found
451342,Fienaroli,Not Found
209541,Pleasant 1 Bedroom Apartment in Pantheon,Not Found
187673,Cozy Apartment,Not Found
451771,Piccolo Chiavari,Not Found
451772,Cappellari 5,Not Found
451025,Cappellari 73 Yellow,Not Found
451026,Cappellari 73 Green,Not Found
451027,Cappellari 73 White,Not Found
161835,Great 1 Bedroom Apartment in Pantheon,Not Found
419455,Zanardelli - 1 Bedroom Apartment in Piazza Navona,Not Found
451173,San Eligio,Not Found
452350,Terrace Dream,Not Found
337217,Parione - 1 Bedroom Apartment in Piazza Navona,Not Found
451501,Trevi Fountain,Not Found
451780,Giulia Town House,Not Found
451018,Piazza Navona Relais,Not Found
264696,Great 1 Bedroom Apartment in Pantheon,Not Found
368699,Well-appointed 3 Bedroom Apartment in Piazza Navona,Not Found
246116,Incredible 2 Bedroom Apartment in Campo dei Fiori with Aircon and Parking,Not Found
452401,Meda Living,Not Found
452429,Trastevere Balcony,Not Found
161989,Spagnoli Quiet Apartment 2,Not Found
451168,Flavia I,Not Found
210951,Good-sized 2 Bedroom Apartment in Pantheon,Not Found
209542,Casa della Rotonda Roof terrace - 2 Bedroom Apartment in Pantheon,Not Found
167135,Pleasant 1 Bedroom Apartment in San Lorenzo,Not Found
337487,Convenient Studio Apartment in Pantheon,Not Found
451354,The Heart of Rome,Not Found
338525,Charming 1 Bedroom Apartment in Pantheon,Not Found
451781,Gran Vista Colosseum,Not Found
451401,Monti Loft 1,Not Found
452526,Julia Domus Angels,Not Found
452041,San Pietro Monteverde,Not Found
166998,Cozy 1 Bedroom Apartment in Vaticano - Vaticano A,Not Found
206315,Fantastic 2 Bedroom Apartment in Piazza di Spagna - Lucina Spanish Steps Rome,Not Found
389049,Giubbonari Lotus - 1 Bedroom Apartment in Campo dei Fiori,Not Found
167142,Beautiful 1 Bedroom Apartment in San Lorenzo,Not Found
264654,Luxury Navona Penthouse,Not Found
161830,Enchanting 2 Bedroom Apartment in Campo Dei Fiori,Not Found
161987,Welcoming 2 Bedroom Apartment in Colosseo with Aircon,Not Found
264649,Piazza Navona Breathtaking View - 2 Bedroom Apartment in Piazza Navona,Not Found
161999,Lovely 2 Bedroom Apartment in Pantheon,Not Found
161756,Stunning 2 Bedroom Apartment in Piazza Navona,Not Found
264687,Charming 2 Bedroom Apartment in Piazza Navona,Not Found
264699,Barberini Terrace Apartment,Not Found
167138,Welcoming 2 Bedroom Apartment in San Lorenzo,Not Found
337490,Vacche Alberto - 1 Bedroom Apartment in Piazza Navona,Not Found
169574,1 Bedroom Apartment in Piazza Navona,Not Found
167140,Large 1 Bedroom Apartment in San Lorenzo,Not Found
171071,Marvellous 4 Bedroom Apartment in Campo dei Fiori - Baullari,Not Found
264673,Palazzo Gaetani Lovatelli Luxury Apartment,Not Found
166999,Trastevere 10 - 2 Bedroom Apartment in Trastevere,Not Found
164171,Torlonia Deluxe - 2 Bedroom Apartment in Rome,Not Found
161757,Campo de Fiori Enchanting Terrace - 2 Bedroom in Piazza Navona,Not Found
264675,Well-spaced 2 Bedroom Apartment in Esquilino,Not Found
452026,Piazza di Spagna Loft,Not Found
171067,Perfect 5 Bedroom Apartment in Piazza Navona,Not Found
389045,Giubbonari 3 - 2 Bedroom Apartment in Campo dei Fiori,Not Found
346051,Navona Pantheon Terrace 2 Bedroom Rome,Not Found
264700,Wonderful 3 Bedroom Apartment in Piazza di Spagna - Popolo Terrace Apartment,Not Found
161759,Trevi Fountain Luxury Terrace - 2 Bedroom Apartment,Not Found
244145,Beautiful 2 Bedroom Apartment - Trevi Fountain to Spanish Steps Rome,Not Found
393273,Villa Fiera - 3 Bedroom House in Quartiere Portuense,Not Found
162060,Bocca di Leone Luxury Three Bedroom Apartment,Not Found
167141,Termini G - 2 Bedroom Apartment in Rome,Not Found
186867,Excellent 3 Bedroom Apartment in Trevi,Not Found
451774,Montserrato di Fiori,Not Found
164156,Vespasiano - 3 Bedroom Apartment in Rome,Not Found
167146,Charming 3 Bedroom Apartment in Trastevere  with Aircon,Not Found
144747,5 Bedroom Apartment - Colosseum Imperiali View Rome,Not Found
337428,Spacious 2 Bedroom Apartment in Piazza Navona,Not Found
162008,Trastevere Terrace Wide 4 Bedroom Apartment,Not Found
162012,Villa Fortuny Cesare Apartment,Not Found
161986,Villa Fortuny Viminale Upperfloor,Not Found
169978,Incredible 4 Bedroom Apartment in Esquilino,Not Found
451246,Castelfidardo,Not Found
