Page 13,1 RM properties
Page 14,2 RM properties
Page 15,5 RM properties
Page 16,9 RM properties
Page 18,4 RM properties
Page 19,2 RM properties
Page 20,1 RM properties
Page 21,5 RM properties
Page 22,3 RM properties
Page 23,5 RM properties
Page 24,2 RM properties
Page 25,3 RM properties
Page 26,14 RM properties
Page 27,18 RM properties
Page 32,3 RM properties
Page 33,1 RM properties
Page 34,2 RM properties
Page 35,2 RM properties
Page 36,2 RM properties
Page 38,1 RM properties
Page 39,2 RM properties
Page 42,2 RM properties
Not Found,718 RM properties
