406052,Klongton Nua 1间惬意卧室公寓,17
5390,,Not Found
5406,Bangrak间工作室公寓,Not Found
5407,Bangrak 1间卧室公寓,Not Found
5409,Bangrak 1间卧室公寓,Not Found
5410,Bangrak间工作室公寓,Not Found
5411,Bangrak间工作室公寓,Not Found
5412,Bangrak 1间卧室公寓,Not Found
5414,Bangrak 1间卧室公寓,Not Found
5422,Bangrak间工作室公寓,Not Found
5423,Bangrak间工作室公寓,Not Found
5425,Bangrak 1间卧室公寓,Not Found
5429,Bangrak 1间卧室公寓,Not Found
5504,Silom间工作室公寓,Not Found
5506,Silom间工作室公寓,Not Found
5507,Silom 1间开阔卧室公寓,Not Found
5508,Silom 1间宽阔卧室公寓,Not Found
5511,Silom间工作室公寓,Not Found
5514,Silom间工作室公寓,Not Found
5518,Silom 1间热情卧室公寓,Not Found
5519,Silom 1间宽敞卧室公寓,Not Found
5520,Bangrak间工作室公寓,Not Found
5524,Bangrak间工作室公寓,Not Found
5526,Bangrak间工作室公寓,Not Found
5528,Bangrak 1间瑰丽卧室公寓,Not Found
5531,Bangrak 1间惊艳卧室公寓,Not Found
5533,Bangrak 2间迷人卧室公寓,Not Found
5535,Bangrak 2间美妙卧室公寓,Not Found
5648,Bangrak间工作室公寓,Not Found
5650,Bangrak间工作室公寓,Not Found
5731,,Not Found
5732,,Not Found
5733,,Not Found
5833,,Not Found
5836,,Not Found
5837,,Not Found
5838,,Not Found
10725,Sathon 2间瑰丽卧室公寓,Not Found
10930,Sathon间工作室公寓,Not Found
10931,Khlong Toei Nuea 3间光彩夺目卧室公寓,Not Found
22356,Phra Khanong 1间宜人卧室公寓,Not Found
24291,Bang Na 4间团体青睐卧室公寓,Not Found
24298,Bang Na 4间卧室公寓,Not Found
24350,Bang Na 2间卧室公寓,Not Found
24354,Bang Na 1间卧室公寓,Not Found
24357,Bang Na 1间卧室公寓,Not Found
24358,Bang Na 1间卧室公寓,Not Found
24361,Bang Na 1间卧室公寓,Not Found
24407,Bang Na 1间卧室公寓,Not Found
24408,Bang Na 1间卧室公寓,Not Found
24500,Bang Na间工作室公寓,Not Found
24502,Bang Na间工作室公寓,Not Found
24504,Bang Na间工作室公寓,Not Found
24506,Bang Na间工作室公寓,Not Found
24510,Bang Na间工作室公寓,Not Found
24512,Bang Na间工作室公寓,Not Found
25118,Bang Khlo 1间赏心卧室公寓,Not Found
25120,Sathon 1间热情卧室公寓,Not Found
25121,Khlong Ton Sai 1间便捷卧室公寓,Not Found
25122,Sathon 1间友好卧室公寓,Not Found
25127,Khlong Ton Sai间工作室公寓,Not Found
25128,Khlong Ton Sai间工作室公寓,Not Found
27540,Sathon 2间美妙卧室公寓,Not Found
29588,,Not Found
29589,,Not Found
29590,,Not Found
29595,,Not Found
30098,Pathum Wan 2间宽敞卧室公寓,Not Found
36448,Phaya Thai 2间开阔卧室公寓,Not Found
36690,Thon Buri间工作室公寓,Not Found
37003,Thon Buri间工作室公寓,Not Found
37061,Thon Buri间工作室公寓,Not Found
37072,Thon Buri 2间宽阔卧室公寓,Not Found
37180,Thon Buri间工作室公寓,Not Found
37327,Ratchathewi间工作室公寓,Not Found
37363,Thon Buri间工作室公寓,Not Found
37370,Thon Buri间工作室公寓,Not Found
37375,Thon Buri 1间惬意卧室公寓,Not Found
37477,Ratchathewi 1间瑰丽卧室公寓,Not Found
37521,Thon Buri 1间便利卧室公寓,Not Found
37524,Thon Buri间工作室公寓,Not Found
37525,Thon Buri 1间可爱卧室公寓,Not Found
38235,Bangrak间工作室公寓,Not Found
39940,,Not Found
39941,,Not Found
39942,,Not Found
39943,,Not Found
39944,,Not Found
39945,,Not Found
40035,,Not Found
40036,,Not Found
40037,,Not Found
40039,,Not Found
40040,,Not Found
40041,,Not Found
40187,Bangrak间工作室公寓,Not Found
40188,Bangrak间工作室公寓,Not Found
40332,Samut Prakan 3间受家庭青睐卧室独栋房屋,Not Found
40470,,Not Found
40472,,Not Found
40474,,Not Found
40475,,Not Found
40477,,Not Found
40478,,Not Found
40546,Thon Buri间工作室公寓,Not Found
40658,Bang Na间工作室公寓,Not Found
40659,Samut Prakan 3间受家庭青睐卧室公寓,Not Found
40831,Chatuchak 1间玲珑卧室公寓,Not Found
44325,Sathon间工作室公寓,Not Found
44424,Sathon间工作室公寓,Not Found
44427,Sathon间工作室公寓,Not Found
44428,Sathon间工作室公寓,Not Found
44429,Sathon间工作室公寓,Not Found
44432,Sathon 1间卧室公寓,Not Found
44434,Sathon 1间卧室公寓,Not Found
44435,Sathon 1间卧室公寓,Not Found
44436,Sathon 1间卧室公寓,Not Found
44438,Sathon 2间卧室公寓,Not Found
44439,Sathon 2间卧室公寓,Not Found
44440,Sathon 2间卧室公寓,Not Found
44441,Sathon 2间卧室公寓,Not Found
45385,Khlong Toei Nuea 2间绮丽卧室公寓,Not Found
45424,Thon Buri间工作室公寓,Not Found
45719,Khlong Toei Nuea 2间可爱卧室公寓,Not Found
46678,,Not Found
49265,Thon Buri 2间可爱卧室公寓,Not Found
49268,Thon Buri 1间玲珑卧室公寓,Not Found
50361,Bangrak间工作室公寓,Not Found
50380,Bangrak间工作室公寓,Not Found
50630,Bangrak间工作室公寓,Not Found
50652,Sathon间工作室公寓,Not Found
50655,Sathon间工作室公寓,Not Found
50656,Sathon间工作室公寓,Not Found
50659,Sathon 1间卧室公寓,Not Found
50660,Sathon 1间卧室公寓,Not Found
50717,Bangrak间工作室公寓,Not Found
50718,Bangrak间工作室公寓,Not Found
50719,Bangrak间工作室公寓,Not Found
50723,Bang Khlo间工作室公寓,Not Found
50724,Bangrak间工作室公寓,Not Found
50727,Bangrak间工作室公寓,Not Found
50729,Bangrak间工作室公寓,Not Found
56176,Khlong Toei Nuea 3间惊艳卧室公寓,Not Found
56982,Silom间工作室公寓,Not Found
56984,Silom间工作室公寓,Not Found
56987,Silom间工作室公寓,Not Found
56988,Silom间工作室公寓,Not Found
56990,Silom 1间可爱卧室公寓,Not Found
56991,Silom 1间舒适卧室公寓,Not Found
56992,Silom 1间无以比拟卧室公寓,Not Found
56996,Silom 2间迷人卧室公寓,Not Found
56997,Silom 2间无以比拟卧室公寓,Not Found
58130,Silom 1间开阔卧室公寓,Not Found
58134,Silom 1间适宜卧室公寓,Not Found
58136,Silom 1间无以比拟卧室公寓,Not Found
58143,Silom 1间瑰丽卧室公寓,Not Found
58148,Silom 1间迷人卧室公寓,Not Found
58152,Silom 2间惊艳卧室公寓,Not Found
58154,Silom 2间绝妙卧室公寓,Not Found
58158,Silom 2间瑰丽卧室公寓,Not Found
58159,Silom 2间美妙卧室公寓,Not Found
61452,Khlong Toei Nuea 1间精品卧室住宿和早餐,Not Found
61468,Khlong Toei Nuea 1间舒适卧室住宿和早餐,Not Found
61470,Khlong Toei Nuea 1间温馨卧室住宿和早餐,Not Found
65585,Lat Krabang间工作室酒店,Not Found
68268,Lat Krabang间工作室酒店,Not Found
69201,Pathum Wan 2间宽敞卧室公寓,Not Found
71905,Khlong Toei 1间宜人卧室公寓,Not Found
72800,Khlong Toei 3间绝妙卧室公寓,Not Found
73446,,Not Found
73633,Thon Buri 2间瑰丽卧室公寓,Not Found
74784,Khlong Toei 3间受家庭青睐卧室公寓,Not Found
75181,Chatuchak 1间热情卧室公寓,Not Found
79430,Phra Khanong 1间宽敞卧室公寓,Not Found
101633,Pathum Wan 1间适宜卧室公寓,Not Found
101634,Pathum Wan 1间适宜卧室公寓,Not Found
101635,Pathum Wan 1间友好卧室公寓,Not Found
102363,Chatrium Residence Bangkok Sathon / 察殿曼谷沙吞酒店式公寓 / 察殿曼谷沙吞酒店式公寓 / 察殿曼谷沙吞酒店式公寓,Not Found
102365,Khlong Tan Nuea 1间卧室酒店,Not Found
102366,Khlong Toei Nuea 1间卧室酒店,Not Found
102369,Khlong Toei Nuea 1间卧室酒店,Not Found
102417,Khlong Ton Sai 1间美妙卧室公寓,Not Found
102420,Sathon 1间绮丽卧室酒店,Not Found
102427,Sathon 2间标致卧室酒店,Not Found
102429,Sathon 3间团体青睐卧室酒店,Not Found
104541,Sathon 1间热情卧室公寓,Not Found
106079,Khlong Toei 1间适宜卧室酒店,Not Found
106080,Khlong Toei 1间瑰丽卧室酒店,Not Found
106297,Khlong Toei间工作室公寓,Not Found
106298,Khlong Tan Nuea 1间卧室公寓,Not Found
109765,Huai Khwang 1间便利卧室公寓,Not Found
110306,Wongsawang间工作室公寓,Not Found
110725,Thon Buri 1间惊艳卧室公寓,Not Found
119423,,Not Found
128419,Khlong Toei Nuea 2间惊艳卧室公寓,Not Found
129517,Yannawa间工作室公寓,Not Found
129596,Yannawa间工作室公寓,Not Found
130456,Din Daeng间工作室公寓,Not Found
130538,Khlong Toei Nuea 1间舒适卧室公寓,Not Found
130639,,Not Found
130647,Khlong Toei 1间卧室公寓,Not Found
131037,Khlong Ton Sai间工作室公寓,Not Found
131755,Khlong Toei Nuea 1间卧室公寓,Not Found
133087,Khlong Toei Nuea 1间卧室酒店,Not Found
133116,,Not Found
134189,,Not Found
134196,,Not Found
134331,Khlong Toei Nuea 1间卧室公寓,Not Found
134332,Khlong Toei Nuea 1间卧室公寓,Not Found
134334,Khlong Toei Nuea 1间卧室公寓,Not Found
134345,Khlong Toei Nuea 1间卧室公寓,Not Found
134834,Bang Khlo 1间卧室公寓,Not Found
135552,Huai Khwang 1间热情卧室公寓,Not Found
135554,Din Daeng 1间适宜卧室公寓,Not Found
135555,Din Daeng 1间舒适卧室公寓,Not Found
135556,Huai Khwang 1间舒适卧室公寓,Not Found
135557,Huai Khwang 2间开阔卧室公寓,Not Found
135558,Huai Khwang 2间开阔卧室公寓,Not Found
135563,Wongsawang 1间舒适卧室公寓,Not Found
135564,Wongsawang 1间可爱卧室公寓,Not Found
135566,Wongsawang 2间完美卧室公寓,Not Found
135567,Wongsawang 2间瑰丽卧室公寓,Not Found
135704,Wongsawang 2间瑰丽卧室公寓,Not Found
135706,Wongsawang 3间受家庭青睐卧室公寓,Not Found
135707,Wongsawang间工作室公寓,Not Found
135708,Wongsawang间工作室公寓,Not Found
161519,Ratchathewi 2间卧室公寓,Not Found
161644,Khlong Tan Nuea 1间卧室独栋房屋,Not Found
162834,Phra Khanong 1间浪漫卧室公寓,Not Found
163461,Khlong Ton Sai间工作室公寓,Not Found
163706,Phra Khanong间工作室公寓,Not Found
163792,Pathum Wan 6间美妙卧室青年旅馆,Not Found
163793,Pathum Wan 1间便捷卧室青年旅馆,Not Found
163795,Pathum Wan 1间宜人卧室住宿和早餐,Not Found
163838,Sathon 3间标致卧室公寓,Not Found
165158,Phaya Thai 1间浪漫卧室公寓,Not Found
166467,Sathon 5间标致卧室独栋房屋,Not Found
166861,Phra Khanong 3间绮丽卧室公寓,Not Found
166872,Bangrak间工作室酒店,Not Found
167389,Bangrak间工作室酒店,Not Found
167499,Bangrak 1间卧室公寓,Not Found
167508,Bangrak 1间旖旎卧室公寓,Not Found
167510,Bangrak 2间卧室公寓,Not Found
169764,Huai Khwang间工作室公寓,Not Found
170284,Khlong Toei Nuea 1间玲珑卧室公寓,Not Found
170649,Bang Na 2间可爱卧室公寓,Not Found
171256,Bangrak 1间舒适卧室公寓,Not Found
171269,Bangrak 1间迷人卧室公寓,Not Found
171270,Bangrak 1间旖旎卧室公寓,Not Found
173649,Bangrak间工作室酒店,Not Found
174812,Bangrak间工作室公寓,Not Found
174868,Bangrak间工作室公寓,Not Found
180270,Bangrak 1间玲珑卧室公寓,Not Found
186920,Sathon Suite 180 sqm,Not Found
187525,,Not Found
187539,Phra Nakhon 1间宜人卧室酒店,Not Found
187540,Phra Nakhon 1间可爱卧室酒店,Not Found
187804,Phra Khanong 2间设备齐全卧室公寓,Not Found
188433,Phra Khanong 1间卧室公寓,Not Found
188721,Khlong Ton Sai 2间受家庭青睐卧室公寓,Not Found
188857,Huai Khwang 1间宜人卧室公寓,Not Found
189414,Huai Khwang 1间宜人卧室公寓,Not Found
190224,Phra Khanong 1间便利卧室公寓,Not Found
190486,Khlong Ton Sai间工作室公寓,Not Found
190625,Sathon间工作室公寓,Not Found
192372,Phra Khanong 1间惬意卧室公寓,Not Found
193551,Klongton Nua 1间迷人卧室公寓,Not Found
194973,Bang Na 1间设备齐全卧室独栋房屋,Not Found
206492,Klongton Nua间工作室酒店,Not Found
206496,Klongton Nua间工作室酒店,Not Found
206683,Khlong Tan Nuea间工作室公寓,Not Found
231491,,Not Found
233280,Studio Superior,Not Found
237113,Bangrak 1间迷人卧室公寓,Not Found
237566,,Not Found
241495,Khlong Tan Nuea间工作室公寓,Not Found
241626,Thon Buri 1间卧室公寓,Not Found
245294,Sathon间工作室公寓,Not Found
247150,Bang Khlo 1间赏心卧室公寓,Not Found
247280,Thon Buri 2间开阔卧室公寓,Not Found
247871,Lat Phrao 2间惊艳卧室公寓,Not Found
251022,Bangrak 1间赏心卧室公寓,Not Found
251340,Phra Nakhon 1间浪漫卧室公寓,Not Found
257095,Sathon 2间惊艳卧室公寓,Not Found
258013,Khlong Toei 1间旖旎卧室公寓,Not Found
259092,Phra Khanong 2间舒适卧室公寓,Not Found
260073,Khlong Toei Nuea 3间团体青睐卧室独栋房屋,Not Found
260160,Sathon 2间精品卧室公寓,Not Found
260161,Sathon 1间无以比拟卧室公寓,Not Found
261548,Khlong Ton Sai 1间可爱卧室公寓,Not Found
263549,Phra Khanong 2间卧室公寓,Not Found
263692,Sathon 2间卧室独栋房屋,Not Found
264206,Phattamawet Village间工作室公寓,Not Found
339645,Phasi Charoen 1间浪漫卧室公寓,Not Found
344334,Ratchathewi 3间美妙卧室公寓,Not Found
347411,Phaya Thai 1间惊艳卧室公寓,Not Found
353769,Phra Nakhon 1间玲珑卧室酒店,Not Found
353939,Huai Khwang 1间宜人卧室公寓,Not Found
361697,Sathon 1间可爱卧室公寓,Not Found
362126,Bang Lamphu间工作室公寓,Not Found
363027,Huai Khwang 1间宜人卧室公寓,Not Found
369785,,Not Found
386603,Min Buri 3间受家庭青睐卧室公寓,Not Found
386607,Khlong Ton Sai间工作室公寓,Not Found
387754,Sathon 3间绝妙卧室公寓,Not Found
387756,Sathon 4间完美卧室独栋房屋,Not Found
389723,3-bedroom Condo in Bangkok 5persons,Not Found
410633,Silom 1间浪漫卧室公寓,Not Found
410654,,Not Found
410694,Bangrak 1间迷人卧室公寓,Not Found
411870,Khlong Ton Sai 1间宜人卧室公寓,Not Found
411871,Khlong Ton Sai 1间旖旎卧室公寓,Not Found
411872,Khlong Ton Sai 1间浪漫卧室公寓,Not Found
411873,Khlong Ton Sai 1间赏心卧室公寓,Not Found
412021,Bangrak 1间赏心卧室公寓,Not Found
412022,Bangrak 1间玲珑卧室公寓,Not Found
412023,Bangrak 1间迷人卧室公寓,Not Found
412024,Bangrak 1间温馨卧室公寓,Not Found
412025,Bangrak 1间旖旎卧室公寓,Not Found
413942,Khlong Ton Sai 3间卧室公寓,Not Found
413943,Khlong Ton Sai 3间卧室公寓,Not Found
413944,Khlong Ton Sai 3间卧室公寓,Not Found
413945,Khlong Ton Sai 3间卧室公寓,Not Found
413975,Khlong Ton Sai 3间卧室公寓,Not Found
413976,Khlong Ton Sai 3间卧室公寓,Not Found
413977,Khlong Ton Sai 3间卧室公寓,Not Found
413978,Khlong Ton Sai 3间卧室公寓,Not Found
413980,Khlong Ton Sai 1间卧室公寓,Not Found
413981,Khlong Ton Sai 1间卧室公寓,Not Found
413982,Khlong Ton Sai 1间卧室公寓,Not Found
413983,Khlong Ton Sai 1间卧室公寓,Not Found
413986,Khlong Ton Sai 2间卧室公寓,Not Found
413987,Khlong Ton Sai 2间卧室公寓,Not Found
413988,Khlong Ton Sai 2间卧室公寓,Not Found
413991,Thon Buri 2间卧室公寓,Not Found
413992,Khlong Ton Sai 2间卧室公寓,Not Found
413993,Khlong Ton Sai 2间卧室独栋房屋,Not Found
414106,Thon Buri 1间卧室公寓,Not Found
414107,Thon Buri 1间卧室公寓,Not Found
414108,Thon Buri 1间卧室公寓,Not Found
414109,Thon Buri 1间卧室公寓,Not Found
414111,Thon Buri 2间卧室公寓,Not Found
414112,Khlong Ton Sai 2间卧室公寓,Not Found
414113,Thon Buri 2间卧室公寓,Not Found
414114,Thon Buri 2间卧室公寓,Not Found
414452,"""Chic&Cozy",Not Found
414555,Min Buri间工作室公寓,Not Found
415629,Wongsawang 1间迷人卧室公寓,Not Found
420156,Bangkok间工作室公寓,Not Found
421304,Parkview Ratchaprarop,Not Found
421477,Min Buri 1间赏心卧室住宿和早餐,Not Found
421485,Min Buri 1间玲珑卧室住宿和早餐,Not Found
428870,Luxury Suite in Sathon 150 sqm,Not Found
429714,Emporium Suite by Chatrium #4,Not Found
429715,Emporium Suite by Chatrium #5,Not Found
429716,Emporium Suite by Chatrium #6,Not Found
429717,Emporium Suite by Chatrium #7,Not Found
429718,Emporium Suite by Chatrium #8,Not Found
429719,Emporium Suite by Chatrium #9,Not Found
429721,Emporium Suite by Chatrium #10,Not Found
429722,Emporium Suite by Chatrium #11,Not Found
429724,Emporium Suite by Chatrium #12,Not Found
429725,Emporium Suite by Chatrium #13,Not Found
429726,Emporium Suite by Chatrium #14,Not Found
429727,Emporium Suite by Chatrium #15,Not Found
429783,Beautiful Apartment In Heart of Cit,Not Found
432691,Bangkok 2间宽敞卧室公寓,Not Found
433040,Bangkok 1间卧室公寓,Not Found
433042,Ratchathewi 1间便利卧室公寓,Not Found
433162,Bangkok 1间惬意卧室公寓,Not Found
433164,Bangkok 1间便利卧室公寓,Not Found
433166,Bangkok 2间卧室公寓,Not Found
441255,,Not Found
441257,Bangkok一室公寓公寓,Not Found
441259,,Not Found
441260,,Not Found
441261,,Not Found
441262,,Not Found
441265,,Not Found
441268,,Not Found
441270,,Not Found
441298,Bangkok 10间惊艳卧室酒店,Not Found
441366,,Not Found
441367,,Not Found
441368,,Not Found
441370,,Not Found
441371,,Not Found
441374,Yannawa 1间赏心卧室公寓,Not Found
441381,,Not Found
441593,Bangkok 6间高级卧室住宿和早餐,Not Found
441594,Bangkok 5间标致卧室住宿和早餐,Not Found
441764,Bangkok 1间绚丽夺目卧室公寓,Not Found
444454,Bangkok 6间标致卧室独栋房屋,Not Found
449528,Din Daeng 1间玲珑卧室公寓,Not Found
449823,Pathum Wan 1间标致卧室公寓,Not Found
