10903,"""Doi Saket",Not Found
11032,"""Chang Khlan",Not Found
11033,"""Chang Khlan",Not Found
11034,"""Chang Khlan",Not Found
11035,"""Chang Khlan",Not Found
11036,"""Chang Khlan",Not Found
11037,"""Chang Khlan",Not Found
11038,"""Chang Khlan",Not Found
11039,"""Chang Khlan",Not Found
11040,"""Chang Khlan",Not Found
11041,"""Chang Khlan",Not Found
11042,"""Chang Khlan",Not Found
11043,"""Chang Khlan",Not Found
11044,"""Chang Khlan",Not Found
11045,"""Chang Khlan",Not Found
11046,"""Chang Khlan",Not Found
11047,"""Chang Khlan",Not Found
11058,,Not Found
11060,"""Old City",Not Found
11061,"""Old City",Not Found
11092,"""Old City",Not Found
11094,"""Old City",Not Found
11257,"""San Phi Sua",Not Found
11258,"""San Phi Sua",Not Found
11267,"""Ban Sathaphon",Not Found
11499,"""Doi Saket",Not Found
11501,"""Doi Saket",Not Found
13829,Lana Thai Villa Chinese Suite,Not Found
13832,Lana Thai Villa Balinese Suite,Not Found
13835,Lana Thai Villa Burmese Room,Not Found
14520,,Not Found
14521,,Not Found
14523,,Not Found
15091,"""Mea Hia",Not Found
15092,"""Hang Dong",Not Found
15093,"""Hang Dong",Not Found
15318,"""Mea Hia",Not Found
17902,Kinkala 1-BR Garden Apartment 1,Not Found
17928,Kinkala 1-BR Garden Apartment 2,Not Found
17933,Kinkala 1-BR Luxe Garden Apt. 1,Not Found
17936,Kinkala 1BR Luxe Garden Apt. 2,Not Found
17939,Paradise Villa (private pool/Jacuzzi),Not Found
17943,Star Villa (Prvate Saltwater Pool),Not Found
17949,Kinkala Villa (shared pool),Not Found
19525,,Not Found
19526,,Not Found
19534,,Not Found
19542,"""San Phi Sua",Not Found
19554,"""San Phi Sua",Not Found
22226,,Not Found
22792,"""San Kamphaeng",Not Found
26292,,Not Found
26293,,Not Found
26294,,Not Found
26416,"""Hang Dong",Not Found
39815,"""Su Thep",Not Found
42718,,Not Found
42719,,Not Found
42721,,Not Found
44748,"""Chang Khlan",Not Found
44839,,Not Found
44840,,Not Found
44876,"""Chang Moi",Not Found
45140,"""Chang Moi",Not Found
48860,"""Chang Khlan",Not Found
49602,,Not Found
49603,,Not Found
49604,,Not Found
49605,"""Ban Sathaphon",Not Found
52055,,Not Found
52056,,Not Found
60550,"""Doi Saket",Not Found
60569,"""Doi Saket",Not Found
60578,"""Doi Saket",Not Found
62416,"""Pa Daet",Not Found
62622,"""Doi Saket",Not Found
62623,"""Doi Saket",Not Found
62625,"""Doi Saket",Not Found
62626,"""Doi Saket",Not Found
62627,"""Doi Saket",Not Found
62628,"""Doi Saket",Not Found
63090,"""Hai Ya",Not Found
63095,"""Hai Ya",Not Found
63097,"""Hai Ya",Not Found
63100,"""Hai Ya",Not Found
63101,"""Hai Ya",Not Found
63102,"""Hai Ya",Not Found
63104,"""Hai Ya",Not Found
63105,"""Hai Ya",Not Found
63106,"""Hai Ya",Not Found
63108,"""Hai Ya",Not Found
63109,"""Hai Ya",Not Found
63110,"""Hai Ya",Not Found
63584,"""Old City",Not Found
68367,"""Su Thep",Not Found
68371,"""Su Thep",Not Found
68372,"""Su Thep",Not Found
68373,,Not Found
68855,"""Doi Saket",Not Found
74094,"""Su Thep",Not Found
101621,Kinkala 2BR Luxe Garden Apt. 1,Not Found
101622,Kinkala 2BR Luxe Garden Apt. 2,Not Found
101628,Kinkala Garden Studio 1,Not Found
101629,Kinkala Garden Studio 2,Not Found
104393,"""Doi Saket",Not Found
104961,"""Old City",Not Found
130052,,Not Found
130057,,Not Found
130059,,Not Found
130624,"""Hang Dong",Not Found
133909,"""Su Thep",Not Found
136429,"""Ban Sathaphon",Not Found
166016,Rice Barn and Rooms nr Chiang Mai,Not Found
166019,Double Room in Beautiful Home R2,Not Found
166023,,Not Found
166874,"""Su Thep",Not Found
167669,"""Ban Sathaphon",Not Found
167946,"""Ban Sathaphon",Not Found
169700,"""Su Thep",Not Found
170381,"""Chang Moi",Not Found
205919,"""Old City",Not Found
208730,"""Ban Sathaphon",Not Found
208739,"""Mae Rim",Not Found
208912,"""Mae Rim",Not Found
208915,"""Mae Rim",Not Found
242715,"""Doi Saket",Not Found
248153,"""Ban Sathaphon",Not Found
334972,"""Saraphi",Not Found
335210,"""Old City",Not Found
349233,"""Ban Sathaphon",Not Found
349235,Chang Phueak 1间卧室公寓,Not Found
354632,"""Old City",Not Found
369388,"""Nong Hoi",Not Found
386195,"""Old City",Not Found
386912,"""Wat Ket",Not Found
386943,"""Wat Ket",Not Found
386947,"""Wat Ket",Not Found
386948,"""Wat Ket",Not Found
386954,"""Wat Ket",Not Found
387203,"""Ban Sathaphon",Not Found
387889,"""Chang Khlan",Not Found
389018,"""Ban Sathaphon",Not Found
410142,,Not Found
410145,,Not Found
410149,,Not Found
411834,"""Su Thep",Not Found
411867,"""Old City",Not Found
412035,"""Ban Sathaphon",Not Found
412036,"""Ban Sathaphon",Not Found
412041,"""Ban Sathaphon",Not Found
412044,"""Ban Sathaphon",Not Found
412051,"""Ban Sathaphon",Not Found
412053,"""Ban Sathaphon",Not Found
412054,"""Ban Sathaphon",Not Found
412055,"""Ban Sathaphon",Not Found
412056,"""Ban Sathaphon",Not Found
412057,"""Ban Sathaphon",Not Found
412058,"""Ban Sathaphon",Not Found
412059,"""Ban Sathaphon",Not Found
412060,"""Ban Sathaphon",Not Found
412061,"""Ban Sathaphon",Not Found
412063,"""Ban Sathaphon",Not Found
412064,"""Ban Sathaphon",Not Found
413652,Chiang Mai New Oasis in Ban Wangtan,Not Found
413732,"""Ban Sathaphon",Not Found
413733,"""Ban Sathaphon",Not Found
413734,"""Ban Sathaphon",Not Found
413735,"""Ban Sathaphon",Not Found
413785,"""Old City",Not Found
413786,"""Old City",Not Found
413787,"""Old City",Not Found
413788,"""Old City",Not Found
446307,Chiang Mai 2间美妙卧室独栋房屋,Not Found
450334,Chiang Mai 2间开阔卧室独栋房屋,Not Found
