260748,Cheung Chau 1间迷人卧室公寓,19
260749,Cheung Chau 1间舒适卧室公寓,12
260750,Cheung Chau 1间可爱卧室公寓,12
260751,Cheung Chau 1间便利卧室公寓,19
10671,铜锣湾 1间便利卧室公寓,Not Found
10672,铜锣湾 1间温馨卧室公寓,Not Found
10674,铜锣湾间工作室公寓,Not Found
10675,铜锣湾间工作室公寓,Not Found
10676,铜锣湾间工作室公寓,Not Found
15579,上环 2间友好卧室公寓,Not Found
17160,铜锣湾间工作室公寓,Not Found
17351,铜锣湾间工作室公寓,Not Found
17352,铜锣湾间工作室公寓,Not Found
17353,铜锣湾间工作室公寓,Not Found
17354,铜锣湾间工作室公寓,Not Found
17355,铜锣湾间工作室公寓,Not Found
17360,铜锣湾间工作室公寓,Not Found
17362,铜锣湾间工作室公寓,Not Found
17363,铜锣湾间工作室公寓,Not Found
17366,铜锣湾间工作室公寓,Not Found
17367,铜锣湾间工作室公寓,Not Found
17368,铜锣湾间工作室公寓,Not Found
17372,铜锣湾间工作室公寓,Not Found
17373,铜锣湾间工作室公寓,Not Found
17374,铜锣湾间工作室公寓,Not Found
18007,愉景湾 2间绝佳卧室公寓,Not Found
18171,,Not Found
27224,铜锣湾间工作室公寓,Not Found
27225,铜锣湾间工作室公寓,Not Found
27226,铜锣湾间工作室公寓,Not Found
37744,香港仔 2间标致卧室公寓,Not Found
52193,"""Jordan",Not Found
52194,"""Jordan",Not Found
52195,"""Jordan",Not Found
52196,"""Jordan",Not Found
52197,"""Jordan",Not Found
52198,"""Jordan",Not Found
52199,"""Jordan",Not Found
52200,"""Jordan",Not Found
52201,"""Jordan",Not Found
52203,"""Jordan",Not Found
52204,"""Jordan",Not Found
52205,"""Jordan",Not Found
52208,"""Jordan",Not Found
52209,"""Jordan",Not Found
52786,愉景湾 1间绮丽卧室公寓,Not Found
52975,上环 3间美妙卧室公寓,Not Found
57668,"""Mong Kok",Not Found
57669,"""Mong Kok",Not Found
58190,愉景湾 3间友好卧室公寓,Not Found
59640,"""Jordan",Not Found
60645,"""Jordan",Not Found
60646,"""Mong Kok",Not Found
60823,"""Jordan",Not Found
61261,"""Jordan",Not Found
62296,铜锣湾 3间美妙卧室公寓,Not Found
62410,尖沙咀 2间绚丽夺目卧室公寓,Not Found
62411,尖沙咀 2间可爱卧室公寓,Not Found
62412,尖沙咀 2间绚丽夺目卧室公寓,Not Found
62897,"""Jordan",Not Found
66802,"""Mong Kok",Not Found
66830,"""Jordan",Not Found
66832,"""Mong Kok",Not Found
66833,"""Mong Kok",Not Found
66834,"""Mong Kok",Not Found
66835,,Not Found
67075,"""Tsuen Wan",Not Found
67085,尖沙咀间工作室公寓,Not Found
67088,尖沙咀间工作室公寓,Not Found
67092,尖沙咀间工作室公寓,Not Found
67095,尖沙咀间工作室公寓,Not Found
67271,"""Mong Kok",Not Found
67560,"""Mong Kok",Not Found
67567,湾仔 2间无以比拟卧室公寓,Not Found
67761,湾仔 3间舒适卧室公寓,Not Found
67897,尖沙咀 2间瑰丽卧室公寓,Not Found
68047,"""Jordan",Not Found
68080,"""Mong Kok",Not Found
68101,"""Mong Kok",Not Found
68295,上环 2间无以比拟卧室公寓,Not Found
68790,湾仔 2间迷人卧室公寓,Not Found
69548,"""Jordan",Not Found
69628,"""Jordan",Not Found
70395,"""Mong Kok",Not Found
72649,铜锣湾 3间美妙卧室公寓,Not Found
72669,"""Jordan",Not Found
72809,湾仔 2间开阔卧室公寓,Not Found
75191,"""Mong Kok",Not Found
77721,"""Mong Kok",Not Found
77722,"""Jordan",Not Found
77723,"""Mong Kok",Not Found
79464,尖沙咀间工作室公寓,Not Found
98758,湾仔 2间卧室公寓,Not Found
98766,湾仔 2间热情卧室公寓,Not Found
102306,"""Kwai Tsing",Not Found
102428,"""Tsuen Wan",Not Found
102763,"""Jordan",Not Found
102826,"""Mong Kok",Not Found
102833,湾仔 2间可爱卧室公寓,Not Found
102835,湾仔 2间绚丽夺目卧室公寓,Not Found
102836,"""Jordan",Not Found
102837,湾仔 2间绚丽夺目卧室公寓,Not Found
103145,铜锣湾 3间上佳卧室公寓,Not Found
103168,"""Mong Kok",Not Found
103169,"""Mong Kok",Not Found
104323,"""Jordan",Not Found
104361,"""Mong Kok",Not Found
105509,"""Mong Kok",Not Found
105968,"""Mong Kok",Not Found
105969,"""Mong Kok",Not Found
107700,"""Yaumati",Not Found
109935,"""Jordan",Not Found
109940,湾仔 3间卧室公寓,Not Found
109941,湾仔 3间卧室公寓,Not Found
110297,"""Jordan",Not Found
128260,尖沙咀 2间团体青睐卧室公寓,Not Found
129844,上环 3间热情卧室公寓,Not Found
131039,"""Mong Kok",Not Found
132844,湾仔 2间宽敞卧室公寓,Not Found
133617,"""Mong Kok",Not Found
133621,"""Mong Kok",Not Found
133623,"""Mong Kok",Not Found
133967,"""Mong Kok",Not Found
134140,上环间工作室公寓,Not Found
134670,上环 2间卧室公寓,Not Found
134673,湾仔 3间卧室公寓,Not Found
134686,"""Mong Kok",Not Found
134697,"""Mong Kok",Not Found
134937,湾仔 2间卧室公寓,Not Found
136907,旺角地铁口公寓 一房一厅A,Not Found
137224,"""Mong Kok",Not Found
162489,湾仔 2间标致卧室公寓,Not Found
162555,"""Sai Wan",Not Found
163290,,Not Found
163292,,Not Found
163293,,Not Found
163295,,Not Found
163296,,Not Found
163297,,Not Found
163299,,Not Found
163301,,Not Found
163302,,Not Found
163303,,Not Found
163468,上环 3间卧室公寓,Not Found
163959,,Not Found
163960,,Not Found
163961,"""Mong Kok",Not Found
163962,,Not Found
164647,愉景湾 1间赏心卧室酒店,Not Found
165458,"""Jordan",Not Found
165886,湾仔 3间宽阔卧室公寓,Not Found
166851,"""Mong Kok",Not Found
169358,湾仔 2间卧室公寓,Not Found
169547,湾仔 2间卧室公寓,Not Found
169897,湾仔 3间卧室公寓,Not Found
187544,湾仔 2间卧室公寓,Not Found
187845,湾仔 2间卧室公寓,Not Found
188565,"""Jordan",Not Found
192431,尖沙咀 1间惬意卧室公寓,Not Found
192745,铜锣湾 2间便利卧室公寓,Not Found
203396,"""Jordan",Not Found
203446,"""Mong Kok",Not Found
205438,尖沙咀 1间卧室青年旅馆,Not Found
205537,上环间工作室公寓,Not Found
206389,"""Sai Wan",Not Found
226046,湾仔 2间卧室公寓,Not Found
238437,,Not Found
239720,,Not Found
239733,,Not Found
239735,,Not Found
240254,,Not Found
240255,,Not Found
241132,"""Mong Kok",Not Found
241497,湾仔 3间卧室公寓,Not Found
241874,"""Mong Kok",Not Found
241883,"""Mong Kok",Not Found
242331,尖沙咀 2间卧室公寓,Not Found
242613,"""Mong Kok",Not Found
244013,"""Mong Kok",Not Found
244589,"""Mong Kok",Not Found
245431,"""Central District",Not Found
245539,,Not Found
245639,,Not Found
247666,铜锣湾 3间开阔卧室公寓,Not Found
249658,湾仔 3间卧室公寓,Not Found
251714,尖沙咀 2间卧室公寓,Not Found
251716,"""Central District",Not Found
255094,北角 2间可爱卧室公寓,Not Found
259799,湾仔 2间上佳卧室公寓,Not Found
260746,Cheung Chau 1间便捷卧室公寓,Not Found
260747,Cheung Chau间工作室公寓,Not Found
260748,Cheung Chau 1间迷人卧室公寓,Not Found
260749,Cheung Chau 1间舒适卧室公寓,Not Found
260750,Cheung Chau 1间可爱卧室公寓,Not Found
260751,Cheung Chau 1间便利卧室公寓,Not Found
263534,上环 2间迷人卧室公寓,Not Found
263541,上环间工作室公寓,Not Found
282997,"""Mong Kok",Not Found
316945,"""Mong Kok",Not Found
317774,"""Mong Kok",Not Found
335614,愉景湾 2间适宜卧室公寓,Not Found
338869,上环 3间完美卧室公寓,Not Found
347767,"""Mong Kok",Not Found
347769,"""Mong Kok",Not Found
347771,"""Mong Kok",Not Found
347825,"""Mong Kok",Not Found
347828,"""Mong Kok",Not Found
347829,"""Tsuen Wan",Not Found
351513,铜锣湾 3间惊艳卧室公寓,Not Found
351612,上环 3间瑰丽卧室公寓,Not Found
351615,铜锣湾 3间开阔卧室公寓,Not Found
351616,"""Mong Kok",Not Found
351673,铜锣湾 3间标致卧室公寓,Not Found
351675,"""Mong Kok",Not Found
354661,铜锣湾 3间惊艳卧室公寓,Not Found
361871,铜锣湾 3间惊艳卧室公寓,Not Found
365215,"""Jordan",Not Found
387244,铜锣湾 2间卧室公寓,Not Found
388077,尖沙咀 4间团体青睐卧室公寓,Not Found
407653,上环 2间热情卧室公寓,Not Found
408218,铜锣湾 3间开阔卧室公寓,Not Found
411874,"""Tsuen Wan",Not Found
412019,"""Tsuen Wan",Not Found
412026,尖沙咀 3间绚丽夺目卧室公寓,Not Found
412027,尖沙咀 4间舒适卧室公寓,Not Found
412029,尖沙咀 4间适宜卧室公寓,Not Found
412031,"""Mong Kok",Not Found
417971,香港 2间惬意卧室公寓,Not Found
437089,香港 3间卧室公寓,Not Found
443566,北角 2间安逸卧室公寓,Not Found
446002,,Not Found
