22913,Chelsea and Kensington 2间开阔卧室公寓,3
22917,Chelsea and Kensington 2间适宜卧室公寓,3
45717,Camden 2间舒适卧室公寓,4
100154,Camden 1间迷人卧室公寓,4
190818,West End 2间惬意卧室公寓,4
191359,3间卧室独栋房屋,1
211060,Chelsea and Kensington 1间舒适卧室公寓,3
250894,Soho and Covent Garden 2间适宜卧室公寓,2
264241,Croydon 1间绝妙卧室独栋房屋,1
264774,Paddington 1间惬意卧室公寓,4
264775,Bloomsbury 2间宽阔卧室公寓,3
264776,Euston 1间浪漫卧室公寓,4
264788,Shoreditch 2间舒适卧室公寓,3
337484,Whitechapel 3间宽敞卧室公寓,3
338636,Shoreditch 1间绝佳卧室公寓,4
350760,Chelsea and Kensington 2间上佳卧室公寓,4
350762,Marylebone 3间宽敞卧室公寓,3
365072,Clerkenwell 2间友好卧室公寓,3
386175,Kilburn 1间开阔卧室公寓,2
389375,Whitechapel 2间美妙卧室公寓,3
389385,Southwark 2间无以比拟卧室公寓,3
389576,Holborn 2间迷人卧室独栋房屋,3
389903,Notting Hill 3间舒适卧室独栋房屋,4
389904,Notting Hill 3间开阔卧室独栋房屋,4
389905,Hammersmith and Fulham 2间温馨卧室公寓,4
389906,Notting Hill 4间惊艳卧室公寓,2
391833,Notting Hill 3间团体青睐卧室公寓,2
405980,Churchill Gardens 2间上佳卧室公寓,4
405981,Westminster 3间绚丽夺目卧室公寓,4
405982,Camden 2间宽敞卧室独栋房屋,3
405983,Soho and Covent Garden 1间惬意卧室公寓,3
405985,Chelsea and Kensington 2间宽敞卧室公寓,2
405986,Bayswater 1间安逸卧室公寓,3
408960,Southwark 2间友好卧室公寓,3
410170,Holborn 2间宽阔卧室公寓,3
1135,,Not Found
1524,Hammersmith and Fulham间工作室公寓,Not Found
1533,Hammersmith and Fulham间工作室公寓,Not Found
2197,Shoreditch 2间标致卧室公寓,Not Found
6744,Stunning Penthouse 1 Bedroom Apartm,Not Found
6745,Islington 1间迷人卧室公寓,Not Found
6917,,Not Found
7210,Notting Hill 2间安逸卧室公寓,Not Found
9475,Brixton 1间惬意卧室公寓,Not Found
10987,Hammersmith and Fulham 1间宜人卧室公寓,Not Found
10988,Hammersmith and Fulham 1间惬意卧室公寓,Not Found
11355,Spacious London Getaway w Terrace,Not Found
11390,Tower Hamlets 1间宽阔卧室公寓,Not Found
12485,Chelsea and Kensington 3间宽敞卧室公寓,Not Found
12634,Islington 1间旖旎卧室公寓,Not Found
12703,,Not Found
12780,Barnet 3间安逸卧室独栋房屋,Not Found
12847,Contemporary City Reach Apartments,Not Found
12899,City of London 2间宽敞卧室公寓,Not Found
13767,Maida Vale 3间瑰丽卧室公寓,Not Found
13770,,Not Found
14460,Harrow 1间卧室公寓,Not Found
16476,Islington 1间瑰丽卧室公寓,Not Found
17232,Islington 1间开阔卧室公寓,Not Found
19588,,Not Found
22893,Notting Hill 1间设备齐全卧室公寓,Not Found
22895,Notting Hill 2间宽阔卧室公寓,Not Found
22902,Notting Hill 2间绮丽卧室公寓,Not Found
22905,Chelsea and Kensington 1间惬意卧室公寓,Not Found
22907,Lambeth 1间舒适卧室公寓,Not Found
22909,Chelsea and Kensington 2间设备齐全卧室公寓,Not Found
22910,Chelsea and Kensington 2间美妙卧室公寓,Not Found
22912,Chelsea and Kensington 2间惊艳卧室公寓,Not Found
22913,Chelsea and Kensington 2间开阔卧室公寓,Not Found
22918,Chelsea and Kensington 2间绝佳卧室公寓,Not Found
22920,Chelsea and Kensington 2间绝佳卧室公寓,Not Found
22922,Stratford 1间瑰丽卧室住宿和早餐,Not Found
22924,Paddington 2间舒适卧室公寓,Not Found
26251,,Not Found
26252,,Not Found
26420,,Not Found
26494,Bloomsbury间工作室公寓,Not Found
26498,Bloomsbury 1间卧室公寓,Not Found
26500,Westminster间工作室公寓,Not Found
26502,Bloomsbury 1间卧室公寓,Not Found
26506,Bloomsbury间工作室公寓,Not Found
26512,Camden间工作室公寓,Not Found
26513,Bloomsbury 2间卧室公寓,Not Found
26515,Bloomsbury 2间卧室公寓,Not Found
26516,Bloomsbury 1间卧室公寓,Not Found
26518,Bloomsbury 1间卧室公寓,Not Found
26519,Bloomsbury 1间卧室公寓,Not Found
26535,Bloomsbury间工作室公寓,Not Found
26540,,Not Found
26575,Bloomsbury 1间卧室公寓,Not Found
26576,Bloomsbury 1间卧室公寓,Not Found
26577,Bloomsbury 2间卧室公寓,Not Found
26578,Bloomsbury 2间卧室公寓,Not Found
26579,Bloomsbury 2间卧室公寓,Not Found
26582,Bloomsbury 3间卧室公寓,Not Found
26583,Islington 2间卧室公寓,Not Found
26586,Bloomsbury 2间卧室公寓,Not Found
26590,Bloomsbury 1间卧室公寓,Not Found
26593,Bloomsbury 2间卧室公寓,Not Found
26599,Bloomsbury 2间卧室公寓,Not Found
26600,Bloomsbury 1间卧室公寓,Not Found
26602,Bloomsbury 1间卧室公寓,Not Found
26605,Bloomsbury 2间卧室公寓,Not Found
26607,Bloomsbury 1间卧室公寓,Not Found
26610,Bloomsbury 1间卧室公寓,Not Found
26611,Bloomsbury 2间卧室公寓,Not Found
26818,Tower Hamlets 3间开阔卧室独栋房屋,Not Found
27471,Shoreditch 1间瑰丽卧室公寓,Not Found
28626,Chelsea and Kensington 1间卧室公寓,Not Found
28867,Paddington 2间标致卧室公寓,Not Found
29677,Chelsea and Kensington 2间设备齐全卧室公寓,Not Found
29768,Soho and Covent Garden 1间设备齐全卧室公寓,Not Found
35077,Wandsworth 3间惊艳卧室公寓,Not Found
35649,,Not Found
35650,,Not Found
35652,,Not Found
36925,,Not Found
37172,Docklands 2间设备齐全卧室公寓,Not Found
37283,Lambeth 2间热情卧室公寓,Not Found
37284,Docklands 1间惊艳卧室公寓,Not Found
43985,,Not Found
44327,Islington 2间舒适卧室公寓,Not Found
45718,Southwark 1间宽敞卧室公寓,Not Found
48305,,Not Found
49217,Lambeth 1间卧室公寓,Not Found
49290,Maida Vale 3间高级卧室公寓,Not Found
50205,Tower Hamlets 1间绮丽卧室公寓,Not Found
50364,City of London间工作室公寓,Not Found
50393,Tower Hamlets 1间温馨卧室公寓,Not Found
50394,Tower Hamlets 1间便利卧室公寓,Not Found
50396,Tower Hamlets 1间温馨卧室公寓,Not Found
50843,Tower Hamlets 2间上佳卧室公寓,Not Found
50929,Westminster 2间卧室公寓,Not Found
50930,Soho and Covent Garden 1间卧室公寓,Not Found
50984,Soho and Covent Garden 2间卧室公寓,Not Found
51417,City of London 1间友好卧室公寓,Not Found
51824,Wandsworth 2间热情卧室公寓,Not Found
51876,,Not Found
52036,City of London 1间卧室公寓,Not Found
52038,,Not Found
52039,,Not Found
52040,,Not Found
52950,,Not Found
52953,,Not Found
52955,,Not Found
53675,,Not Found
53813,Hammersmith and Fulham 2间宽阔卧室公寓,Not Found
53817,Lewisham 2间浪漫卧室公寓,Not Found
54001,Lewisham 1间温馨卧室公寓,Not Found
54005,Tower Hamlets间工作室公寓,Not Found
54006,Tower Hamlets 1间安逸卧室公寓,Not Found
54390,City of London间工作室公寓,Not Found
55273,Tower Hamlets 1间便利卧室公寓,Not Found
55737,Lambeth 1间宽阔卧室公寓,Not Found
55843,Tower Hamlets间工作室公寓,Not Found
58779,Camden 1间惬意卧室公寓,Not Found
60933,Chelsea and Kensington 1间宽阔卧室公寓,Not Found
60939,Chelsea and Kensington 1间迷人卧室公寓,Not Found
60941,Westminster 1间惬意卧室公寓,Not Found
60943,Westminster 2间无以比拟卧室公寓,Not Found
60945,Westminster 1间浪漫卧室公寓,Not Found
60947,Westminster 1间绝佳卧室公寓,Not Found
62911,,Not Found
63037,MBD M公寓附近的塔桥，无线上网，停车场,Not Found
63150,Westminster 1间卧室公寓,Not Found
63154,Chelsea and Kensington 2间卧室公寓,Not Found
63155,City of London 2间卧室公寓,Not Found
63160,Chelsea and Kensington 2间卧室公寓,Not Found
63204,Chelsea and Kensington 1间卧室公寓,Not Found
63205,Mayfair 1间卧室公寓,Not Found
65218,Tower Hamlets 2间完美卧室公寓,Not Found
65867,,Not Found
67554,Camden 2间卧室公寓,Not Found
67652,City of London 1间友好卧室公寓,Not Found
68033,,Not Found
68660,Marylebone 2间友好卧室公寓,Not Found
68680,Marylebone 1间迷人卧室公寓,Not Found
68883,Camden 2间惊艳卧室公寓,Not Found
69007,Tower Hamlets间工作室公寓,Not Found
69398,,Not Found
69399,City of London 1间热情卧室公寓,Not Found
69401,,Not Found
69415,,Not Found
69417,,Not Found
71673,Soho and Covent Garden 2间卧室公寓,Not Found
72927,Maida Vale 3间无以比拟卧室公寓,Not Found
72937,Stratford 5间卧室独栋房屋,Not Found
73727,Tower Hamlets 4间美妙卧室公寓,Not Found
74218,Camden 2间无以比拟卧室公寓,Not Found
74497,Southwark 1间卧室公寓,Not Found
74570,MBD公寓靠近伦敦塔桥M2，4 +2嘉宾，无线上网，停车场,Not Found
74767,Lewisham 1间热情卧室公寓,Not Found
75219,Marylebone 1间舒适卧室公寓,Not Found
75220,,Not Found
75853,Tower Hamlets 2间绝佳卧室公寓,Not Found
76032,Barnet 1间卧室公寓,Not Found
76034,Barnet 1间卧室公寓,Not Found
76091,Hounslow 2间舒适卧室公寓,Not Found
77218,Lambeth 1间无以比拟卧室公寓,Not Found
77745,Islington 1间舒适卧室公寓,Not Found
78386,Groups 6-50guests WIFI+BREAKFAST,Not Found
78388,Southwark 10间卧室青年旅馆,Not Found
79110,,Not Found
79114,,Not Found
79515,Islington 2间绮丽卧室公寓,Not Found
99054,,Not Found
100154,Camden 1间迷人卧室公寓,Not Found
100365,Islington 2间瑰丽卧室公寓,Not Found
100566,★★★PERFECT ROOM CENTRAL LONDON★★★XL,Not Found
101501,City of London 1间瑰丽卧室公寓,Not Found
101980,Soho and Covent Garden 2间卧室公寓,Not Found
102470,Chelsea and Kensington 5间标致卧室独栋房屋,Not Found
102707,Soho and Covent Garden 2间卧室公寓,Not Found
102773,,Not Found
103692,Hammersmith and Fulham 3间卧室公寓,Not Found
104050,Barnet 2间设备齐全卧室公寓,Not Found
104085,Hammersmith and Fulham 1间卧室公寓,Not Found
104087,Chelsea and Kensington 2间卧室公寓,Not Found
105067,Islington 2间宽敞卧室公寓,Not Found
105893,Paddington 3间卧室独栋房屋,Not Found
105896,Mayfair 3间卧室公寓,Not Found
105990,Westminster 2间卧室公寓,Not Found
106284,Wandsworth 1间浪漫卧室公寓,Not Found
107334,Notting Hill 3间卧室公寓,Not Found
107644,Haringey 1间卧室住宿和早餐,Not Found
108038,Chelsea and Kensington 10间卧室酒店,Not Found
108495,Haringey 1间卧室住宿和早餐,Not Found
109085,Greenwich 4间卧室独栋房屋,Not Found
109492,Chelsea and Kensington 2间卧室公寓,Not Found
109615,Islington 1间热情卧室公寓,Not Found
109796,Notting Hill 1间卧室公寓,Not Found
109797,Notting Hill 1间卧室公寓,Not Found
109800,Chelsea and Kensington 1间卧室公寓,Not Found
109801,Chelsea and Kensington 1间卧室公寓,Not Found
109816,Chelsea and Kensington 2间卧室公寓,Not Found
109951,Tower Hamlets 2间惊艳卧室公寓,Not Found
125081,Westminster 1间宽敞卧室公寓,Not Found
128405,,Not Found
128940,,Not Found
128968,Maida Vale 2间卧室公寓,Not Found
129215,London Borough of Newham 1间卧室公寓,Not Found
129582,MBD单位L附近Towerbridge的1-7客人，轮椅通道，停车场和,Not Found
129583,Islington 1间卧室公寓,Not Found
129732,Marylebone 1间卧室公寓,Not Found
129759,,Not Found
129996,Tower Hamlets 1间热情卧室公寓,Not Found
130467,Stratford 2间无以比拟卧室公寓,Not Found
131481,Docklands 2间无以比拟卧室公寓,Not Found
131488,Chelsea and Kensington间工作室公寓,Not Found
131519,City of London 2间热情卧室公寓,Not Found
131530,Lambeth 2间瑰丽卧室公寓,Not Found
131549,Docklands 1间友好卧室公寓,Not Found
131706,Southwark 1间舒适卧室公寓,Not Found
132090,Enfield 3间卧室独栋房屋,Not Found
132260,Chelsea and Kensington 3间卧室独栋房屋,Not Found
132503,,Not Found
133159,★FANTASTIC ROOM TOWER HILL★PEN2_VIN,Not Found
133313,Soho and Covent Garden间工作室公寓,Not Found
133314,Shoreditch间工作室公寓,Not Found
133435,,Not Found
133438,,Not Found
133443,★GORGEOUS ROOM NEAR QUEEN MARRY_1★,Not Found
133569,Hammersmith and Fulham 1间舒适卧室公寓,Not Found
133664,Westminster 1间惊艳卧室公寓,Not Found
133820,Paddington间工作室公寓,Not Found
133858,,Not Found
134011,Soho and Covent Garden 3间卧室公寓,Not Found
134423,,Not Found
134516,Chelsea and Kensington 1间光彩夺目卧室公寓,Not Found
134517,Soho and Covent Garden 2间卧室公寓,Not Found
134519,Bloomsbury 4间卧室公寓,Not Found
134521,West End 3间卧室公寓,Not Found
134523,West End 1间卧室公寓,Not Found
134524,Soho and Covent Garden 2间卧室公寓,Not Found
134588,Fantastic Room Central London HB,Not Found
135057,Paddington 1间卧室公寓,Not Found
135162,Paddington 2间卧室公寓,Not Found
135163,Paddington 1间卧室公寓,Not Found
135292,Haringey 1间适宜卧室独栋房屋,Not Found
135378,,Not Found
135467,★★★NICE_ROOM_CENTRAL_LONDON★★★CAT,Not Found
135470,Hammersmith and Fulham间工作室公寓,Not Found
135647,Whitechapel 1间绮丽卧室公寓,Not Found
136162,★★Stylish Room Heart East London★★,Not Found
136220,,Not Found
137220,★★Stunning Room Zone 1 Brick Lane★N,Not Found
137302,,Not Found
137308,★★Comfortable Room Brick Lane M★★,Not Found
137323,Kilburn 3间开阔卧室公寓,Not Found
142588,Poplar 2间友好卧室公寓,Not Found
144661,Waltham Forest 1间可爱卧室公寓,Not Found
144662,Islington间工作室公寓,Not Found
149513,,Not Found
156256,,Not Found
157979,City View 2 Bed Apartments,Not Found
157988,Belgravia 2间宽阔卧室公寓,Not Found
158018,City of London 1间惊艳卧室公寓,Not Found
160757,London Borough of Newham 2间光彩夺目卧室公寓,Not Found
160916,Camden间工作室公寓,Not Found
160917,Marylebone间工作室公寓,Not Found
160919,Wandsworth 2间可爱卧室公寓,Not Found
160920,Paddington 1间温馨卧室公寓,Not Found
161290,Whitechapel间工作室公寓,Not Found
161650,Shoreditch 1间无以比拟卧室公寓,Not Found
161725,Heathrow 2间绮丽卧室公寓,Not Found
161731,Marylebone 1间可爱卧室公寓,Not Found
161732,Notting Hill 1间开阔卧室公寓,Not Found
161818,Shoreditch 2间开阔卧室公寓,Not Found
161819,Islington 2间友好卧室公寓,Not Found
161820,Hackney 1间旖旎卧室公寓,Not Found
161822,Shoreditch 3间宽敞卧室公寓,Not Found
161936,Chiswick 1间便利卧室公寓,Not Found
162324,Bloomsbury 2间瑰丽卧室公寓,Not Found
162361,West End 2间友好卧室公寓,Not Found
162376,Soho and Covent Garden 2间宽阔卧室公寓,Not Found
162406,Belgravia 2间惊艳卧室独栋房屋,Not Found
162510,Battersea 2间卧室公寓,Not Found
162516,,Not Found
162604,Shoreditch 2间迷人卧室公寓,Not Found
162876,West End 3间无以比拟卧室公寓,Not Found
164393,Lambeth 2间卧室公寓,Not Found
164509,,Not Found
165109,,Not Found
165110,,Not Found
166470,London Borough of Redbridge 4间绝佳卧室独栋房屋,Not Found
166875,Camden 1间便利卧室公寓,Not Found
167398,Shoreditch 2间惊艳卧室公寓,Not Found
167470,,Not Found
167815,,Not Found
168036,Soho and Covent Garden 3间舒适卧室公寓,Not Found
168361,Chelsea and Kensington 2间卧室公寓,Not Found
170798,Hammersmith and Fulham间工作室公寓,Not Found
170803,,Not Found
170804,,Not Found
171312,Churchill Gardens 2间绚丽夺目卧室公寓,Not Found
177595,,Not Found
177639,,Not Found
177677,,Not Found
185306,Greenwich 10间卧室青年旅馆,Not Found
185417,Greenwich 10间卧室青年旅馆,Not Found
187019,Shoreditch 2间受家庭青睐卧室公寓,Not Found
187105,,Not Found
187403,★★Spectacular Modern Queen Mary 2★★,Not Found
187550,Lambeth 2间绚丽夺目卧室公寓,Not Found
187682,★★★SUPERB_ROOM_CENTRAL_LONDON★★★_BF,Not Found
188571,,Not Found
189424,★★STUNNING PLACE IN BRICK LANE★★S,Not Found
189513,Haringey 3间绝佳卧室独栋房屋,Not Found
190638,Battersea 1间卧室公寓,Not Found
190653,Stratford 2间绝佳卧室公寓,Not Found
190834,,Not Found
190836,,Not Found
190839,,Not Found
191364,,Not Found
192308,Greenwich 10间卧室青年旅馆,Not Found
202956,Paddington 1间宽阔卧室公寓,Not Found
203256,,Not Found
205077,Whitechapel 1间迷人卧室公寓,Not Found
205124,Whitechapel 1间宽敞卧室公寓,Not Found
205467,Whitechapel 1间开阔卧室公寓,Not Found
205549,Whitechapel 1间绝佳卧室公寓,Not Found
205698,Whitechapel间工作室公寓,Not Found
206262,,Not Found
206264,,Not Found
206267,,Not Found
206269,,Not Found
206270,,Not Found
206469,Kilburn 3间绝佳卧室公寓,Not Found
206470,★PERFECT ROOM CENTRAL LONDON★chan_2,Not Found
207191,Chelsea and Kensington 2间热情卧室独栋房屋,Not Found
208361,Kilburn 2间瑰丽卧室公寓,Not Found
208362,Chelsea and Kensington 1间温馨卧室公寓,Not Found
208363,Bloomsbury 1间温馨卧室公寓,Not Found
208400,Soho and Covent Garden 2间卧室公寓,Not Found
208418,Notting Hill 1间绚丽夺目卧室公寓,Not Found
208428,Chelsea and Kensington 1间浪漫卧室公寓,Not Found
208432,Maida Vale 3间受家庭青睐卧室独栋房屋,Not Found
208437,Kilburn 3间开阔卧室独栋房屋,Not Found
208457,Battersea 3间高级卧室独栋房屋,Not Found
208458,Chelsea and Kensington 1间卧室酒店,Not Found
208525,Whitechapel 1间绮丽卧室公寓,Not Found
208645,,Not Found
208754,Soho and Covent Garden 2间可爱卧室公寓,Not Found
208893,Barnet 2间卧室公寓,Not Found
208925,Lovely 2 bed in central London,Not Found
208927,Lovely 3 bed house close to Central,Not Found
208960,Whitechapel 1间卧室公寓,Not Found
208972,Shepherd's Bush 3间设备齐全卧室公寓,Not Found
209757,Maida Vale 2间卧室公寓,Not Found
210532,Docklands 1间设备齐全卧室公寓,Not Found
211061,Chelsea and Kensington 1间热情卧室公寓,Not Found
211062,Battersea 3间上佳卧室公寓,Not Found
211076,Kilburn 2间可爱卧室公寓,Not Found
211229,,Not Found
211314,Paddington 1间卧室公寓,Not Found
211602,Marylebone 2间宽敞卧室公寓,Not Found
211847,Marylebone 1间绚丽夺目卧室公寓,Not Found
211926,Hackney 1间开阔卧室公寓,Not Found
212309,Hammersmith and Fulham间工作室公寓,Not Found
231301,Shoreditch 3间瑰丽卧室公寓,Not Found
231309,,Not Found
231769,Urban Stay Serviced Apartment AC8,Not Found
231772,Urban Stay Serviced Apartment  AH9,Not Found
236984,Notting Hill 2间卧室公寓,Not Found
236985,Greenwich 2间卧室公寓,Not Found
236986,Notting Hill 3间卧室公寓,Not Found
236992,Hampstead 1间卧室公寓,Not Found
236994,Hampstead 1间卧室公寓,Not Found
237000,Greenwich 3间卧室公寓,Not Found
237007,Hampstead 2间卧室公寓,Not Found
237008,Hampstead 2间卧室公寓,Not Found
237010,Hampstead 2间卧室公寓,Not Found
237019,★★★Great Spacious Room★★★FL,Not Found
237021,★★★GREAT SPACIOUS TRIPLE ROOM★★GATO,Not Found
237023,★★★Great Spacious Triple Room★★★,Not Found
237026,★FANTASTIC ROOM TOWER HILL★PEN1_HOT,Not Found
237093,★Fantastic Room Tower Hill★Pen3_LON,Not Found
237094,★FANTASTIC ROOM TOWER HILL★PEN_4,Not Found
237163,★Fantastic Room Tower Hill★Pen_5_Fc,Not Found
237164,★PERFECT ROOM CENTRAL LONDON★chan 1,Not Found
237165,★PERFECT ROOM CENTRAL LONDON★chan_3,Not Found
237236,★★★PERFECT ROOM CENTRAL LONDON★★★M,Not Found
237238,★Stunning 2 Bed Flat Central London★,Not Found
237270,West End 2间卧室公寓,Not Found
237362,Whitechapel 1间舒适卧室公寓,Not Found
237769,Churchill Gardens 2间安逸卧室独栋房屋,Not Found
239213,★★★Spacious Room in Shoreditch_L★★★,Not Found
239936,,Not Found
239940,,Not Found
239961,,Not Found
239983,Whitechapel 1间完美卧室公寓,Not Found
241106,Whitechapel 2间迷人卧室公寓,Not Found
241231,Whitechapel 2间标致卧室公寓,Not Found
241370,Notting Hill 1间卧室公寓,Not Found
241846,Whitechapel 2间上佳卧室公寓,Not Found
241893,,Not Found
241894,Hendon 2间绝佳卧室公寓,Not Found
241980,Hampstead间工作室公寓,Not Found
242385,Croydon 1间旖旎卧室公寓,Not Found
242511,Croydon 2间迷人卧室公寓,Not Found
242518,Croydon 1间安逸卧室公寓,Not Found
242528,Chelsea and Kensington 6间瑰丽卧室公寓,Not Found
242646,,Not Found
242810,Euston 2间精品卧室公寓,Not Found
243211,Hampstead 4间卧室独栋房屋,Not Found
243582,,Not Found
244033,Chelsea and Kensington 1间浪漫卧室公寓,Not Found
244095,Hendon 2间迷人卧室公寓,Not Found
244179,Poplar间工作室公寓,Not Found
244183,Poplar 1间赏心卧室公寓,Not Found
244186,Shoreditch 2间宽敞卧室公寓,Not Found
244191,Shoreditch 1间玲珑卧室公寓,Not Found
244193,Whitechapel间工作室公寓,Not Found
244197,,Not Found
244505,,Not Found
244509,,Not Found
244514,,Not Found
244641,Poplar 2间宽敞卧室公寓,Not Found
244795,Islington 1间惊艳卧室公寓,Not Found
244796,Chelsea and Kensington 2间绝佳卧室公寓,Not Found
244820,West End 2间惊艳卧室公寓,Not Found
244998,City of London 1间卧室公寓,Not Found
245247,Bayswater 2间上佳卧室公寓,Not Found
247797,,Not Found
248073,Croydon 1间卧室独栋房屋,Not Found
248416,Lewisham 1间卧室住宿和早餐,Not Found
248609,Paddington间工作室公寓,Not Found
248852,Lambeth 1间开阔卧室公寓,Not Found
248977,Whitechapel 1间美妙卧室公寓,Not Found
248978,Whitechapel 2间绚丽夺目卧室公寓,Not Found
249659,Westminster 1间卧室公寓,Not Found
249662,Mayfair 2间浪漫卧室公寓,Not Found
250240,Lambeth 2间卧室公寓,Not Found
250570,,Not Found
250573,,Not Found
250659,Chelsea and Kensington间工作室公寓,Not Found
250661,Chelsea and Kensington间工作室公寓,Not Found
250705,,Not Found
250761,,Not Found
250773,Chelsea and Kensington间工作室公寓,Not Found
250776,Chelsea and Kensington间工作室公寓,Not Found
250777,Chelsea and Kensington间工作室公寓,Not Found
250848,Chelsea and Kensington间工作室公寓,Not Found
250849,Chelsea and Kensington间工作室公寓,Not Found
250860,Chelsea and Kensington 1间便利卧室公寓,Not Found
250917,Chelsea and Kensington间工作室公寓,Not Found
250919,Chelsea and Kensington 1间旖旎卧室公寓,Not Found
250920,Chelsea and Kensington间工作室公寓,Not Found
251010,Chelsea and Kensington间工作室公寓,Not Found
251338,,Not Found
251400,,Not Found
251525,,Not Found
251526,,Not Found
251528,,Not Found
251724,Churchill Gardens 2间绝佳卧室公寓,Not Found
251846,,Not Found
251848,Southwark 1间美妙卧室公寓,Not Found
251949,Docklands 1间无以比拟卧室公寓,Not Found
251950,Docklands 1间迷人卧室公寓,Not Found
251952,Docklands 1间惊艳卧室公寓,Not Found
252031,Chelsea and Kensington间工作室公寓,Not Found
252032,Chelsea and Kensington间工作室公寓,Not Found
255097,West End 3间受家庭青睐卧室公寓,Not Found
255234,Soho and Covent Garden 3间团体青睐卧室公寓,Not Found
255317,,Not Found
255322,Bloomsbury 2间美妙卧室公寓,Not Found
255326,"""NEW! OXFORD CIRCUS! 3min tube",Not Found
255330,Chelsea and Kensington 2间友好卧室公寓,Not Found
255358,,Not Found
255369,,Not Found
255989,Chelsea and Kensington 2间精品卧室公寓,Not Found
257007,,Not Found
257013,,Not Found
257222,London Borough of Newham 1间卧室公寓,Not Found
257268,,Not Found
257269,,Not Found
257823,Bloomsbury 1间浪漫卧室公寓,Not Found
257840,Hackney 1间绚丽夺目卧室公寓,Not Found
257942,London Borough of Redbridge 2间卧室公寓,Not Found
258053,Hammersmith and Fulham 1间开阔卧室独栋房屋,Not Found
258895,,Not Found
259040,Shoreditch 1间舒适卧室公寓,Not Found
259045,Shoreditch 2间绮丽卧室公寓,Not Found
259309,Hendon 2间卧室独栋房屋,Not Found
259394,Whitechapel 1间适宜卧室公寓,Not Found
259780,Cosy 1BR Sleeps 4 – Great Location,Not Found
260084,Shoreditch 2间绮丽卧室公寓,Not Found
260119,This one's got a gym and sauna!,Not Found
260377,London Borough of Newham 3间绚丽夺目卧室独栋房屋,Not Found
260543,,Not Found
261147,Shoreditch 1间迷人卧室公寓,Not Found
262441,,Not Found
263134,Islington 2间可爱卧室独栋房屋,Not Found
263249,Shoreditch 1间适宜卧室公寓,Not Found
263467,Battersea 2间迷人卧室公寓,Not Found
264095,Shoreditch 2间卧室公寓,Not Found
264127,Shoreditch 2间卧室公寓,Not Found
264129,Shoreditch 2间卧室公寓,Not Found
264130,Shoreditch 1间卧室公寓,Not Found
264241,Croydon 1间绝妙卧室独栋房屋,Not Found
264329,Camden 3间卧室公寓,Not Found
264841,,Not Found
264853,,Not Found
264856,,Not Found
264920,★Super Central★3½Bath★A/C★Stunning★,Not Found
265214,Lambeth 2间宽阔卧室公寓,Not Found
265690,Shoreditch 1间热情卧室公寓,Not Found
265726,Lovely 2 bed in central London,Not Found
317444,,Not Found
318067,Bayswater 2间卧室公寓,Not Found
318092,Islington 1间宽敞卧室独栋房屋,Not Found
334993,Soho and Covent Garden间工作室公寓,Not Found
335096,Mayfair 2间卧室公寓,Not Found
335097,Chelsea and Kensington 1间卧室公寓,Not Found
335098,Chelsea and Kensington 2间卧室公寓,Not Found
335099,Knightsbridge 2间卧室公寓,Not Found
335232,Battersea 2间卧室公寓,Not Found
335629,,Not Found
335631,,Not Found
335634,,Not Found
335877,,Not Found
335878,,Not Found
336130,,Not Found
336290,Whitechapel间工作室公寓,Not Found
336292,Whitechapel间工作室公寓,Not Found
336707,,Not Found
336776,,Not Found
336865,Churchill Gardens 1间卧室公寓,Not Found
336940,Lambeth 1间安逸卧室公寓,Not Found
336955,Docklands 2间适宜卧室公寓,Not Found
336961,Shoreditch 1间舒适卧室公寓,Not Found
337045,Docklands 2间瑰丽卧室公寓,Not Found
337051,Whitechapel 2间无以比拟卧室公寓,Not Found
337055,Lambeth 2间可爱卧室公寓,Not Found
337061,Docklands 1间美妙卧室公寓,Not Found
337066,Docklands 2间舒适卧室公寓,Not Found
337067,City of London 1间舒适卧室公寓,Not Found
337071,City of London 1间惊艳卧室公寓,Not Found
337075,Shoreditch 1间友好卧室公寓,Not Found
337080,Shoreditch间工作室公寓,Not Found
337081,Shoreditch间工作室公寓,Not Found
337086,Shoreditch 1间适宜卧室公寓,Not Found
337088,Shoreditch 1间绚丽夺目卧室公寓,Not Found
337090,Shoreditch 2间迷人卧室公寓,Not Found
337093,Whitechapel 1间绝佳卧室公寓,Not Found
337099,Whitechapel 1间上佳卧室公寓,Not Found
337150,Marylebone 1间舒适卧室公寓,Not Found
337155,Marylebone 1间宽阔卧室公寓,Not Found
337162,Shoreditch 1间宽阔卧室公寓,Not Found
337168,Docklands 1间宽阔卧室公寓,Not Found
338672,Whitechapel 1间玲珑卧室公寓,Not Found
338791,Southwark 2间热情卧室公寓,Not Found
338996,Brixton 1间温馨卧室公寓,Not Found
339699,Notting Hill 1间舒适卧室公寓,Not Found
339701,Notting Hill 2间宽敞卧室公寓,Not Found
339703,Notting Hill 2间旖旎卧室公寓,Not Found
339706,Chelsea and Kensington 1间浪漫卧室公寓,Not Found
339707,Lambeth 1间绮丽卧室公寓,Not Found
339714,Chelsea and Kensington 2间瑰丽卧室公寓,Not Found
339716,Chelsea and Kensington 2间可爱卧室公寓,Not Found
339720,Chelsea and Kensington 2间友好卧室公寓,Not Found
339721,Chelsea and Kensington 2间绚丽夺目卧室公寓,Not Found
339723,Chelsea and Kensington 2间美妙卧室公寓,Not Found
339724,Chelsea and Kensington 2间舒适卧室公寓,Not Found
339725,Paddington 2间热情卧室公寓,Not Found
340027,West End间工作室公寓,Not Found
342680,Paddington 2间设备齐全卧室公寓,Not Found
342681,Chelsea and Kensington 3间卧室公寓,Not Found
342682,Chelsea and Kensington 2间卧室公寓,Not Found
342683,Haringey 1间卧室公寓,Not Found
342693,Chelsea and Kensington 2间卧室公寓,Not Found
342699,Chelsea and Kensington 1间卧室公寓,Not Found
342758,Chelsea and Kensington 1间卧室公寓,Not Found
342763,Hammersmith and Fulham 1间卧室公寓,Not Found
342766,Hammersmith and Fulham 1间卧室公寓,Not Found
342768,Hammersmith and Fulham 1间卧室公寓,Not Found
342772,Bloomsbury 2间瑰丽卧室公寓,Not Found
342776,Bloomsbury 2间团体青睐卧室公寓,Not Found
342784,Soho and Covent Garden 2间宽敞卧室公寓,Not Found
343282,,Not Found
343353,,Not Found
343354,,Not Found
343424,,Not Found
343425,,Not Found
343428,,Not Found
343430,Southfields 5间惊艳卧室独栋房屋,Not Found
344036,Knightsbridge 2间卧室公寓,Not Found
344038,Knightsbridge 1间卧室公寓,Not Found
344039,Knightsbridge间工作室公寓,Not Found
344045,Bayswater间工作室公寓,Not Found
344243,Churchill Gardens 3间舒适卧室公寓,Not Found
344281,Bayswater 1间卧室公寓,Not Found
346199,Marylebone 1间赏心卧室公寓,Not Found
346374,,Not Found
346439,Marylebone 1间舒适卧室独栋房屋,Not Found
346490,Poplar 2间开阔卧室公寓,Not Found
346729,,Not Found
346997,Belgravia间工作室公寓,Not Found
347391,Mayfair 3间卧室公寓,Not Found
347788,Poplar 2间惊艳卧室公寓,Not Found
348944,,Not Found
349260,,Not Found
349783,1间卧室公寓,Not Found
349785,Euston 2间热情卧室公寓,Not Found
349788,Marylebone 1间旖旎卧室公寓,Not Found
350712,Chelsea and Kensington 2间开阔卧室公寓,Not Found
350762,Marylebone 3间宽敞卧室公寓,Not Found
350851,,Not Found
351246,Dulwich 2间卧室公寓,Not Found
351579,Whitechapel 1间卧室公寓,Not Found
353421,Southwark 1间设备齐全卧室公寓,Not Found
353423,Poplar 1间迷人卧室公寓,Not Found
353425,Notting Hill 1间热情卧室公寓,Not Found
353428,Greenwich 1间迷人卧室公寓,Not Found
353558,,Not Found
353687,Euston 1间卧室公寓,Not Found
353780,Hammersmith and Fulham间工作室公寓,Not Found
353909,Hammersmith and Fulham 5间精品卧室独栋房屋,Not Found
353917,Camberwell 1间卧室公寓,Not Found
353984,,Not Found
354658,Hendon 5间卧室独栋房屋,Not Found
354725,Hammersmith and Fulham间工作室公寓,Not Found
354848,Shoreditch间工作室公寓,Not Found
357742,Paddington 1间浪漫卧室公寓,Not Found
357744,Paddington 2间开阔卧室公寓,Not Found
357796,,Not Found
358360,Whitechapel间工作室公寓,Not Found
358433,Notting Hill 2间热情卧室公寓,Not Found
358436,Notting Hill 2间设备齐全卧室公寓,Not Found
358437,Notting Hill 1间无以比拟卧室公寓,Not Found
358439,Notting Hill 1间可爱卧室公寓,Not Found
358535,Chelsea and Kensington 2间卧室公寓,Not Found
358643,West End间工作室公寓,Not Found
361152,BEST VALUE ROOM $ NEAR BRICK LANE_1,Not Found
361555,Shoreditch 2间宽敞卧室公寓,Not Found
362127,,Not Found
362325,♫♬BEAUTIFUL ROOM ♡ CENTRAL LINE♫♬_M,Not Found
364012,,Not Found
364021,,Not Found
364066,,Not Found
364086,,Not Found
364301,BEST VALUE ROOM $ NEAR BRICK LANE_3,Not Found
364306,STUNNING ROOM ツ CENTRAL LINE_3,Not Found
364311,STUNNING ROOM ツ CENTRAL LINE_1,Not Found
364433,Maida Vale 1间惊艳卧室公寓,Not Found
364531,Knightsbridge 1间可爱卧室公寓,Not Found
364874,Islington 2间惊艳卧室公寓,Not Found
365072,Clerkenwell 2间友好卧室公寓,Not Found
365159,Hackney 2间卧室公寓,Not Found
365752,Dulwich间工作室公寓,Not Found
368595,Chelsea and Kensington间工作室公寓,Not Found
369030,Greenwich 1间惊艳卧室公寓,Not Found
369031,Greenwich 3间高级卧室公寓,Not Found
369102,Shoreditch 2间标致卧室公寓,Not Found
369138,Whitechapel 2间卧室公寓,Not Found
369142,City of London 2间卧室公寓,Not Found
369144,Holborn 2间卧室公寓,Not Found
369147,Whitechapel 2间卧室公寓,Not Found
369148,Clerkenwell 2间卧室公寓,Not Found
369149,Westminster 2间卧室公寓,Not Found
369157,Southwark 2间卧室公寓,Not Found
369160,Knightsbridge 2间卧室公寓,Not Found
369513,Lambeth 2间卧室公寓,Not Found
369514,Lambeth 2间卧室公寓,Not Found
369515,Whitechapel间工作室公寓,Not Found
369516,Bloomsbury 2间卧室公寓,Not Found
369521,Southwark 2间卧室公寓,Not Found
369522,Knightsbridge 1间卧室公寓,Not Found
369525,Lambeth 3间卧室公寓,Not Found
369526,Soho and Covent Garden 1间卧室公寓,Not Found
369527,Clerkenwell 1间卧室公寓,Not Found
369529,Lambeth 1间卧室公寓,Not Found
369530,Southwark 2间卧室公寓,Not Found
369532,City of London 3间卧室公寓,Not Found
369688,Whitechapel 2间绝佳卧室公寓,Not Found
369804,Hammersmith and Fulham 1间上佳卧室公寓,Not Found
369806,Harrow 1间宽敞卧室公寓,Not Found
369808,London Borough of Brent间工作室公寓,Not Found
369809,Hendon间工作室公寓,Not Found
370014,Bromley 1间温馨卧室公寓,Not Found
385471,Soho and Covent Garden 3间绝妙卧室公寓,Not Found
385472,Bloomsbury 3间标致卧室公寓,Not Found
385896,Hampstead 3间卧室独栋房屋,Not Found
386450,Kilburn 2间热情卧室公寓,Not Found
386845,Kilburn 2间宽敞卧室公寓,Not Found
387130,Bloomsbury 3间惊艳卧室公寓,Not Found
387249,City of London 5间光彩夺目卧室独栋房屋,Not Found
387275,West End 2间精品卧室公寓,Not Found
387588,London 1间赏心卧室公寓,Not Found
387589,London 1间热情卧室公寓,Not Found
387590,Chelsea and Kensington 1间迷人卧室公寓,Not Found
387591,London 1间可爱卧室公寓,Not Found
387594,London间工作室公寓,Not Found
387596,Camden 2间可爱卧室公寓,Not Found
387597,London 2间宽敞卧室公寓,Not Found
387783,★CHARMING CENTRAL ROOM★_SLEEPS 4_c1,Not Found
387784,,Not Found
388276,Chelsea and Kensington间工作室公寓,Not Found
388277,Chelsea and Kensington 1间卧室公寓,Not Found
388278,Chelsea and Kensington 2间卧室公寓,Not Found
388279,Chelsea and Kensington间工作室公寓,Not Found
388283,Chelsea and Kensington 1间卧室公寓,Not Found
388296,Chelsea and Kensington 1间卧室公寓,Not Found
388356,West End间工作室公寓,Not Found
388423,West End间工作室公寓,Not Found
388670,☆☆SUPERB DOUBLE ROOM N LOCATION☆,Not Found
388767,,Not Found
388934,Kilburn 2间适宜卧室公寓,Not Found
388939,London 1间瑰丽卧室公寓,Not Found
389330,Islington 3间精品卧室公寓,Not Found
389375,Whitechapel 2间美妙卧室公寓,Not Found
389385,Southwark 2间无以比拟卧室公寓,Not Found
389576,Holborn 2间迷人卧室独栋房屋,Not Found
389615,Clerkenwell 1间惊艳卧室公寓,Not Found
389685,Chelsea and Kensington 2间宽阔卧室公寓,Not Found
389687,Chelsea and Kensington间工作室公寓,Not Found
389894,Stratford 1间宜人卧室独栋房屋,Not Found
389895,,Not Found
389901,Kilburn 1间宽阔卧室公寓,Not Found
389911,Shepherd's Bush 2间绝妙卧室公寓,Not Found
390940,London Borough of Redbridge 2间卧室公寓,Not Found
391690,Clerkenwell 3间美妙卧室公寓,Not Found
391843,Notting Hill 1间宜人卧室公寓,Not Found
393254,Battersea 1间温馨卧室公寓,Not Found
405979,Camden 1间迷人卧室公寓,Not Found
405982,Camden 2间宽敞卧室独栋房屋,Not Found
405984,Bloomsbury间工作室公寓,Not Found
405988,Bloomsbury间工作室公寓,Not Found
405989,Bloomsbury间工作室公寓,Not Found
406046,London 2间设备齐全卧室公寓,Not Found
406080,Shoreditch 2间瑰丽卧室公寓,Not Found
406805,CEO Style 5* WESTEND SUITE,Not Found
407602,Bayswater 2间光彩夺目卧室公寓,Not Found
407604,Bayswater 3间惊艳卧室公寓,Not Found
408250,Camberwell 2间卧室公寓,Not Found
408341,Southwark 2间宽敞卧室公寓,Not Found
408531,Tower Hamlets 2间惊艳卧室公寓,Not Found
408960,Southwark 2间友好卧室公寓,Not Found
408971,Southwark 2间舒适卧室公寓,Not Found
409355,,Not Found
409356,,Not Found
409521,SUPERB ROOM N LOCATION☆SLEEPS 4☆L,Not Found
409870,Hackney 2间卧室公寓,Not Found
410170,Holborn 2间宽阔卧室公寓,Not Found
410712,,Not Found
411605,Stunning Lux Apartment in Mayfair,Not Found
414240,Cozy Apartment in Camden Town,Not Found
414244,3 bed Town House in Camden Town,Not Found
414245,2 bed Liverpool Street Apartment,Not Found
414246,Kings Cross - Central London Flat,Not Found
414249,London Bridge Luxury Penthouse,Not Found
414317,Whitechapel 1间卧室公寓,Not Found
415312,"""Private Double Room",Not Found
415459,London 1间热情卧室公寓,Not Found
415460,London 2间可爱卧室公寓,Not Found
415462,London 2间卧室公寓,Not Found
415463,London 1间卧室公寓,Not Found
415618,London 2间卧室公寓,Not Found
415761,Soho and Covent Garden 2间瑰丽卧室公寓,Not Found
415888,Stratford 2间舒适卧室公寓,Not Found
416005,,Not Found
416641,London 3间宽阔卧室公寓,Not Found
417061,,Not Found
417759,London 2间上佳卧室公寓,Not Found
417789,London 2间友好卧室公寓,Not Found
417793,London 1间便利卧室公寓,Not Found
417794,London 1间可爱卧室公寓,Not Found
417815,London 1间安逸卧室公寓,Not Found
417824,London 1间惊艳卧室公寓,Not Found
417826,London 1间玲珑卧室公寓,Not Found
417828,London 1间可爱卧室公寓,Not Found
417831,London 1间赏心卧室公寓,Not Found
417833,London 2间适宜卧室公寓,Not Found
417843,London 2间瑰丽卧室公寓,Not Found
417847,London 2间热情卧室公寓,Not Found
417849,London 2间惊艳卧室公寓,Not Found
417926,London 2间绮丽卧室公寓,Not Found
417988,Chelsea and Kensington间工作室公寓,Not Found
418016,Chelsea and Kensington间工作室公寓,Not Found
418018,Chelsea and Kensington间工作室公寓,Not Found
418020,Soho and Covent Garden 1间适宜卧室公寓,Not Found
418048,London 1间热情卧室公寓,Not Found
418115,Chelsea and Kensington间工作室公寓,Not Found
419666,,Not Found
420213,KEW GARDENS DOUBLE ROOM WIFI PARKIN,Not Found
420711,Chelsea and Kensington间工作室公寓,Not Found
420713,1间卧室公寓,Not Found
420714,3间卧室公寓,Not Found
420715,4间卧室公寓,Not Found
420718,Chelsea and Kensington 1间卧室公寓,Not Found
421017,London 2间绝妙卧室公寓,Not Found
421022,London 1间绝妙卧室公寓,Not Found
421038,London 2间团体青睐卧室公寓,Not Found
421166,Chelsea and Kensington间工作室公寓,Not Found
421418,Modern 1 Bedroom Liverpool Street,Not Found
421483,"""3Bed house",Not Found
421533,Small Studio in Zone 2 London No1,Not Found
422048,New Deluxe Apartment Knightsbridge,Not Found
426960,Oxford street studio for 4 guests,Not Found
427031,"""1 bed apartment",Not Found
427098,London 1间绝佳卧室公寓,Not Found
427103,"""1bed apartment ",Not Found
427410,Chelsea and Kensington 2间瑰丽卧室公寓,Not Found
427421,London 1间卧室公寓,Not Found
427422,London 1间卧室公寓,Not Found
427423,Marylebone 1间卧室公寓,Not Found
427424,London 3间卧室公寓,Not Found
427425,Belgravia 3间卧室独栋房屋,Not Found
427426,London 1间卧室独栋房屋,Not Found
427427,"""2 BR - Arthur",Not Found
427428,London 2间卧室公寓,Not Found
427429,London 2间卧室公寓,Not Found
427430,London 2间卧室公寓,Not Found
427431,London 3间卧室公寓,Not Found
427433,London 4间卧室独栋房屋,Not Found
427434,London 1间卧室公寓,Not Found
427435,London 2间卧室公寓,Not Found
427436,London 1间卧室公寓,Not Found
427437,London 1间卧室公寓,Not Found
427438,London 2间卧室公寓,Not Found
427439,London 2间卧室公寓,Not Found
427442,London 1间卧室公寓,Not Found
427443,Marylebone 3间卧室公寓,Not Found
427445,2 BR - King's Cross / Caledonian Road N1,Not Found
427446,London 2间友好卧室公寓,Not Found
427448,London 1间卧室公寓,Not Found
427449,Marylebone 1间卧室公寓,Not Found
427552,London 2间迷人卧室公寓,Not Found
427599,Stunning Gorgeous 1 bed penthouse,Not Found
428385,,Not Found
428396,CITYFLIP! Deluxe WestEnd 2bed/3bath,Not Found
428411,London 2间完美卧室公寓,Not Found
428465,London 2间适宜卧室公寓,Not Found
428536,LIKED! WOW CHIC 2bed2bath WEST END,Not Found
428597,London 1间上佳卧室公寓,Not Found
428602,London 1间适宜卧室公寓,Not Found
428625,NEW! CEO X-FACTOR SUITE REGENT ST,Not Found
428713,Hammersmith and Fulham 2间惊艳卧室公寓,Not Found
428715,Hammersmith and Fulham 1间可爱卧室公寓,Not Found
428716,London 2间宽阔卧室公寓,Not Found
428717,London 2间光彩夺目卧室公寓,Not Found
428718,Chelsea and Kensington 2间舒适卧室公寓,Not Found
428719,Churchill Gardens 1间迷人卧室公寓,Not Found
428721,Knightsbridge 2间可爱卧室公寓,Not Found
428722,Hammersmith and Fulham 2间可爱卧室公寓,Not Found
428723,London 1间绮丽卧室公寓,Not Found
428724,London 2间绝佳卧室公寓,Not Found
428725,London 1间可爱卧室公寓,Not Found
428727,Chelsea and Kensington 2间舒适卧室公寓,Not Found
428728,Hammersmith and Fulham 2间迷人卧室公寓,Not Found
428729,London 1间绝佳卧室公寓,Not Found
428745,London 2间热情卧室公寓,Not Found
428750,London 1间舒适卧室公寓,Not Found
428758,London 2间舒适卧室公寓,Not Found
428792,2BR - Chelsea/West Kensington - FGPM3,Not Found
428793,2BR - Chelsea/South Kensington - FGPM2,Not Found
428794,2BR - Kensington/Olympia - FGPM4,Not Found
428804,Superb Studio in Notting Hill,Not Found
429051,Spacious West Hampstead Apartment,Not Found
429091,2 bedroom family home in Wapping,Not Found
429226,London 2间美妙卧室公寓,Not Found
429238,CityGreen★BIG★NEW*BALCONY★3Bed2Bath,Not Found
429766,Double room to rent  #2,Not Found
430019,Triple Studio in Zone 2 London No2,Not Found
430021,London一室公寓公寓,Not Found
430202,Southwark 2间美妙卧室公寓,Not Found
430237,London 1间卧室公寓,Not Found
430239,Modern 3BR Apt with Balcony,Not Found
430253,Lincoln Plaza 1 Bedroom Apartment #2,Not Found
430561,London 3间卧室公寓,Not Found
430743,Double Studio in Zone 2 London No4,Not Found
430751,London一室公寓公寓,Not Found
430752,London一室公寓公寓,Not Found
430753,London一室公寓公寓,Not Found
430754,London一室公寓公寓,Not Found
430755,London一室公寓公寓,Not Found
430869,London 2间卧室独栋房屋,Not Found
431257,London 1间上佳卧室公寓,Not Found
431317,London House 2 Bedroom Apartment,Not Found
431337,☆☆SUPERB ROOM N LOCATION☆SLEEPS 4☆M,Not Found
431338,,Not Found
431344,Stunning Room Central Line_2,Not Found
431412,Nice Double Room in Brick Lane _CaL,Not Found
431576,Cozy Room Centrail Line DigM,Not Found
431589,Beautiful Mews in Kentish Town!,Not Found
431598,Stunning 2 bed in Canary Wharf,Not Found
431695,Studio Apartment at Aldgate East,Not Found
431713,Brew House Yard  1 bed Apartment,Not Found
431718,Globe View 2  Bedroom Apartment,Not Found
431726,Canaletto 1 bedroom Apartment,Not Found
431901,Cozy Room Centrail Line DigL,Not Found
431902,,Not Found
431904,☀☂☀SPLENDID ROOM ☆ BRICK LANE ☀☂☀_1 #2,Not Found
431921,Nice Double Room Self Catering,Not Found
432446,HAMSPSTEAD VILLAGE NW3  3 BED FLAT,Not Found
432546,,Not Found
432633,London 2间瑰丽卧室公寓,Not Found
432816,London 1间舒适卧室公寓,Not Found
432873,Westminster 1间宽阔卧室公寓,Not Found
432886,Camden一室公寓公寓,Not Found
432895,Marylebone一室公寓公寓,Not Found
432896,Marylebone一室公寓公寓,Not Found
432897,London 2间卧室公寓,Not Found
432899,London 2间卧室公寓,Not Found
432901,London 1间热情卧室公寓,Not Found
432902,London 1间卧室公寓,Not Found
432906,London 2间卧室公寓,Not Found
433176,Poplar 2间无以比拟卧室公寓,Not Found
433226,London 2间迷人卧室公寓,Not Found
434680,London 2间迷人卧室公寓,Not Found
434869,Chelsea and Kensington 3间惊艳卧室公寓,Not Found
434929,London 2间设备齐全卧室公寓,Not Found
435961,Mayfair 2间绚丽夺目卧室公寓,Not Found
436169,London一室公寓公寓,Not Found
436171,London 1间可爱卧室公寓,Not Found
436186,London 1间可爱卧室公寓,Not Found
436188,London 2间绝佳卧室公寓,Not Found
436265,London 2间迷人卧室公寓,Not Found
436266,London 2间无以比拟卧室公寓,Not Found
436460,Bromley一室公寓公寓,Not Found
436502,London 2间瑰丽卧室公寓,Not Found
436648,,Not Found
436762,London 2间惊艳卧室公寓,Not Found
438050,London 2间设备齐全卧室公寓,Not Found
438051,London 2间绝佳卧室公寓,Not Found
438052,Hammersmith and Fulham 2间开阔卧室公寓,Not Found
438053,London 1间开阔卧室公寓,Not Found
438054,London 2间惊艳卧室公寓,Not Found
438055,London 2间无以比拟卧室公寓,Not Found
438056,Hammersmith and Fulham 2间热情卧室公寓,Not Found
438057,Hammersmith and Fulham 2间绝佳卧室公寓,Not Found
438058,Hammersmith and Fulham 2间设备齐全卧室公寓,Not Found
438062,Hammersmith and Fulham 2间适宜卧室公寓,Not Found
438063,London 2间开阔卧室公寓,Not Found
438064,London 2间可爱卧室公寓,Not Found
438065,Chelsea and Kensington 2间惊艳卧室公寓,Not Found
438068,London 2间友好卧室公寓,Not Found
438070,London 2间舒适卧室公寓,Not Found
438071,London 2间上佳卧室公寓,Not Found
438073,Hammersmith and Fulham 2间热情卧室公寓,Not Found
438449,,Not Found
438541,London 4间卧室公寓,Not Found
438545,London 3间卧室公寓,Not Found
438546,London 4间卧室公寓,Not Found
438547,London 1间卧室公寓,Not Found
438548,London 2间卧室公寓,Not Found
438549,London 3间卧室公寓,Not Found
438557,London 2间卧室公寓,Not Found
438571,London 2间卧室公寓,Not Found
438573,London 5间卧室公寓,Not Found
438578,London 2间卧室公寓,Not Found
438579,London 3间卧室公寓,Not Found
438580,London 1间卧室公寓,Not Found
438581,London 1间卧室公寓,Not Found
438582,London 3间卧室公寓,Not Found
438584,London 2间卧室公寓,Not Found
438585,London 5间卧室公寓,Not Found
438586,London 4间卧室公寓,Not Found
438588,London 2间卧室公寓,Not Found
438590,London 1间卧室公寓,Not Found
438591,London 2间卧室公寓,Not Found
438595,London 3间卧室公寓,Not Found
438600,London 3间卧室公寓,Not Found
438601,London 4间卧室公寓,Not Found
438603,London 4间卧室公寓,Not Found
438607,London 4间卧室公寓,Not Found
438609,London 2间卧室公寓,Not Found
438613,London 4间卧室公寓,Not Found
438614,London 2间卧室公寓,Not Found
438616,London 2间卧室公寓,Not Found
438618,London 4间卧室公寓,Not Found
438619,London 3间卧室公寓,Not Found
438624,London 3间卧室公寓,Not Found
438625,London 3间卧室公寓,Not Found
438640,London 2间卧室公寓,Not Found
438642,London 4间卧室公寓,Not Found
438644,London 3间卧室公寓,Not Found
438649,London 2间卧室公寓,Not Found
438652,London 3间卧室公寓,Not Found
438668,London 2间卧室公寓,Not Found
438674,London 2间卧室公寓,Not Found
438676,London 1间卧室公寓,Not Found
438685,London 2间卧室公寓,Not Found
438686,London 4间卧室公寓,Not Found
438687,London 2间卧室公寓,Not Found
438690,London 2间卧室公寓,Not Found
438692,London 2间卧室公寓,Not Found
438695,London 2间卧室公寓,Not Found
438696,London 3间卧室公寓,Not Found
438698,London 3间卧室公寓,Not Found
438700,London 5间卧室公寓,Not Found
438701,London 2间卧室公寓,Not Found
438702,London 4间卧室公寓,Not Found
438706,London 7间卧室公寓,Not Found
438707,London 1间卧室公寓,Not Found
438709,London 5间卧室公寓,Not Found
438714,London 3间卧室公寓,Not Found
438717,London 4间卧室公寓,Not Found
438719,London 2间卧室公寓,Not Found
438723,London 3间卧室公寓,Not Found
438726,London 3间卧室公寓,Not Found
438729,London 1间卧室公寓,Not Found
438731,London 3间卧室公寓,Not Found
438733,London 4间卧室公寓,Not Found
438735,London 3间卧室公寓,Not Found
438736,London 4间卧室公寓,Not Found
438740,London 5间卧室公寓,Not Found
438745,London 3间卧室公寓,Not Found
438746,London 4间卧室公寓,Not Found
438749,London 2间卧室公寓,Not Found
438752,London 2间卧室公寓,Not Found
438754,London 4间卧室公寓,Not Found
438755,London 5间卧室公寓,Not Found
438756,London 3间卧室公寓,Not Found
438757,London 3间卧室公寓,Not Found
438758,London 5间卧室公寓,Not Found
438759,London 2间卧室公寓,Not Found
438760,London 2间卧室公寓,Not Found
438764,London 2间卧室公寓,Not Found
438765,London 4间卧室公寓,Not Found
438770,London 3间卧室公寓,Not Found
438775,London 1间卧室公寓,Not Found
438778,London 2间卧室公寓,Not Found
438779,London 3间卧室公寓,Not Found
438780,London 3间卧室公寓,Not Found
438784,London 4间卧室公寓,Not Found
438785,London 5间卧室公寓,Not Found
438786,London 4间卧室公寓,Not Found
438788,London 4间卧室公寓,Not Found
438790,London 3间卧室公寓,Not Found
438792,London 2间卧室公寓,Not Found
438795,London 4间卧室公寓,Not Found
438796,London 3间卧室公寓,Not Found
438798,London 4间卧室公寓,Not Found
438799,London 5间卧室公寓,Not Found
438800,London 3间卧室公寓,Not Found
438801,London 3间卧室公寓,Not Found
438803,London 5间卧室公寓,Not Found
438805,London 1间卧室公寓,Not Found
438808,London 5间卧室公寓,Not Found
438811,London 5间卧室公寓,Not Found
438812,London 3间卧室公寓,Not Found
438813,London 4间卧室公寓,Not Found
438814,London 4间卧室公寓,Not Found
438815,London 2间卧室公寓,Not Found
438829,London 4间卧室公寓,Not Found
438831,London 1间卧室公寓,Not Found
438833,London 6间卧室公寓,Not Found
438834,London 3间卧室公寓,Not Found
438838,London 2间卧室公寓,Not Found
438839,London 2间卧室公寓,Not Found
438841,London 4间卧室公寓,Not Found
438848,London 4间卧室公寓,Not Found
438849,London 5间卧室公寓,Not Found
438851,London 2间卧室公寓,Not Found
438853,London 4间卧室公寓,Not Found
438856,London 3间卧室公寓,Not Found
438859,London 4间卧室公寓,Not Found
438860,London 5间卧室公寓,Not Found
438863,London 2间卧室公寓,Not Found
438866,London 1间卧室公寓,Not Found
438881,London 3间卧室公寓,Not Found
438882,London 4间卧室公寓,Not Found
438897,London 2间卧室公寓,Not Found
438899,London 2间卧室公寓,Not Found
438902,London 3间卧室公寓,Not Found
438903,London 2间卧室公寓,Not Found
438904,London 4间卧室公寓,Not Found
438905,London 2间卧室公寓,Not Found
438908,London 1间卧室公寓,Not Found
438909,London 3间卧室公寓,Not Found
438910,London 1间卧室公寓,Not Found
438913,London 3间卧室公寓,Not Found
438916,London 2间卧室公寓,Not Found
438918,London 3间卧室公寓,Not Found
438926,London 3间卧室公寓,Not Found
438927,London 2间卧室公寓,Not Found
438929,London 3间卧室公寓,Not Found
438932,London 3间卧室公寓,Not Found
438942,London 2间卧室公寓,Not Found
438945,London 3间卧室公寓,Not Found
438947,London 1间卧室公寓,Not Found
438952,London 4间卧室公寓,Not Found
438956,London 4间卧室公寓,Not Found
438958,London 4间卧室公寓,Not Found
438959,London 2间卧室公寓,Not Found
438961,London 2间卧室公寓,Not Found
438964,London 4间卧室公寓,Not Found
438966,London 4间卧室公寓,Not Found
438967,London 5间卧室公寓,Not Found
438969,London 3间卧室公寓,Not Found
438971,London 3间卧室公寓,Not Found
438972,London 1间卧室公寓,Not Found
438973,London 4间卧室公寓,Not Found
438974,London 3间卧室公寓,Not Found
438975,London 2间卧室公寓,Not Found
438980,London 2间卧室公寓,Not Found
438981,London 4间卧室公寓,Not Found
438983,London 1间卧室公寓,Not Found
438990,London 2间卧室公寓,Not Found
438993,London 3间卧室公寓,Not Found
438995,London 2间卧室公寓,Not Found
439000,London 1间卧室公寓,Not Found
439001,London 2间卧室公寓,Not Found
439008,London 2间精品卧室公寓,Not Found
439016,London 3间卧室公寓,Not Found
439017,London 2间卧室公寓,Not Found
439022,London 3间卧室公寓,Not Found
439024,London 2间卧室公寓,Not Found
439028,London 2间卧室公寓,Not Found
439031,London 1间卧室公寓,Not Found
439033,London 3间卧室公寓,Not Found
439035,London 2间卧室公寓,Not Found
439037,London 3间卧室公寓,Not Found
439038,London 3间卧室公寓,Not Found
439040,London 2间卧室公寓,Not Found
439041,London 3间卧室公寓,Not Found
439043,London 1间卧室公寓,Not Found
439044,London 3间卧室公寓,Not Found
439046,London 2间卧室公寓,Not Found
439047,London 3间卧室公寓,Not Found
439048,London 1间卧室公寓,Not Found
439050,London 3间卧室公寓,Not Found
439051,London 3间卧室公寓,Not Found
439052,London 5间卧室公寓,Not Found
439053,London 2间卧室公寓,Not Found
439054,London 3间卧室公寓,Not Found
439055,London 4间卧室公寓,Not Found
439056,London 2间卧室公寓,Not Found
439058,London 1间卧室公寓,Not Found
439059,London 2间卧室公寓,Not Found
439062,London 3间卧室公寓,Not Found
439063,London 3间卧室公寓,Not Found
439064,London 1间卧室公寓,Not Found
439065,London 2间卧室公寓,Not Found
439066,London 2间卧室公寓,Not Found
439067,London 4间卧室公寓,Not Found
439068,London 1间卧室公寓,Not Found
439070,London 1间卧室公寓,Not Found
439071,London 4间卧室公寓,Not Found
439072,London 4间卧室公寓,Not Found
439075,London 2间卧室公寓,Not Found
439078,London 2间卧室公寓,Not Found
439244,London Borough of Redbridge 1间卧室独栋房屋,Not Found
439264,London 3间卧室独栋房屋,Not Found
440605,Kilburn 1间赏心卧室公寓,Not Found
440606,Kilburn 1间安逸卧室公寓,Not Found
440607,London 1间舒适卧室公寓,Not Found
440612,Kilburn 2间友好卧室公寓,Not Found
440614,Hammersmith and Fulham一室公寓公寓,Not Found
440615,Hammersmith and Fulham 1间可爱卧室公寓,Not Found
441089,London 1间便利卧室公寓,Not Found
441090,London 1间惬意卧室公寓,Not Found
441150,Westminster 2间设备齐全卧室公寓,Not Found
441277,London 1间温馨卧室公寓,Not Found
441279,London 1间浪漫卧室公寓,Not Found
441281,London一室公寓公寓,Not Found
441282,Chelsea and Kensington 1间热情卧室公寓,Not Found
441284,Chelsea and Kensington 1间惬意卧室公寓,Not Found
441285,Chelsea and Kensington 2间设备齐全卧室公寓,Not Found
441453,,Not Found
441467,London 2间舒适卧室公寓,Not Found
441468,Bloomsbury 3间卧室公寓,Not Found
441790,London 3间惊艳卧室公寓,Not Found
441793,London 2间上佳卧室公寓,Not Found
441795,London 2间宽敞卧室公寓,Not Found
441797,London 2间宽阔卧室公寓,Not Found
441798,London 2间开阔卧室公寓,Not Found
441807,London 2间惊艳卧室公寓,Not Found
441811,London一室公寓公寓,Not Found
441812,London 2间适宜卧室公寓,Not Found
441813,London 2间无以比拟卧室公寓,Not Found
441814,London 1间赏心卧室公寓,Not Found
441815,London 2间绝佳卧室公寓,Not Found
441816,London 2间热情卧室公寓,Not Found
441817,London 2间绚丽夺目卧室公寓,Not Found
441818,London 3间精品卧室公寓,Not Found
441819,London 2间可爱卧室公寓,Not Found
441821,London 1间玲珑卧室公寓,Not Found
441822,London 2间宜人卧室公寓,Not Found
441823,London 1间赏心卧室公寓,Not Found
441824,London 1间浪漫卧室公寓,Not Found
441825,London 2间绚丽夺目卧室公寓,Not Found
441828,London 2间美妙卧室公寓,Not Found
441830,Westminster 2间绮丽卧室公寓,Not Found
441936,London 2间卧室公寓,Not Found
441938,London 1间热情卧室公寓,Not Found
441939,Knightsbridge 2间热情卧室公寓,Not Found
441941,Knightsbridge 1间舒适卧室公寓,Not Found
441943,Chelsea and Kensington 1间便利卧室公寓,Not Found
441944,Chelsea and Kensington一室公寓公寓,Not Found
441945,London 3间标致卧室公寓,Not Found
441946,London 2间瑰丽卧室公寓,Not Found
441947,London 1间舒适卧室公寓,Not Found
441948,London 2间可爱卧室公寓,Not Found
441950,London 1间舒适卧室公寓,Not Found
441951,London 3间舒适卧室公寓,Not Found
441952,London 2间宽阔卧室公寓,Not Found
441954,London 1间可爱卧室公寓,Not Found
441955,London 3间高级卧室公寓,Not Found
441956,London 2间友好卧室公寓,Not Found
441957,London 2间惊艳卧室公寓,Not Found
441958,London 1间舒适卧室公寓,Not Found
443290,London 2间卧室公寓,Not Found
443291,Chelsea and Kensington 1间开阔卧室公寓,Not Found
443296,Chelsea and Kensington 1间宽阔卧室公寓,Not Found
443300,Chelsea and Kensington 1间惊艳卧室公寓,Not Found
445805,,Not Found
445810,,Not Found
445814,,Not Found
446064,Hammersmith and Fulham 2间卧室公寓,Not Found
446285,,Not Found
446328,London 2间光彩夺目卧室公寓,Not Found
446334,,Not Found
446556,City of London 1间热情卧室公寓,Not Found
446557,City of London一室公寓公寓,Not Found
448519,Hammersmith and Fulham 4间卧室独栋房屋,Not Found
448873,Croydon一室公寓公寓,Not Found
448906,Croydon一室公寓公寓,Not Found
449860,Chelsea and Kensington 2间标致卧室公寓,Not Found
449874,London 2间卧室公寓,Not Found
450098,Soho and Covent Garden 2间惊艳卧室公寓,Not Found
450100,Marylebone 2间绮丽卧室公寓,Not Found
450102,Mayfair 1间绚丽夺目卧室公寓,Not Found
450428,London 2间设备齐全卧室公寓,Not Found
450461,London 2间绮丽卧室公寓,Not Found
450470,London 1间旖旎卧室公寓,Not Found
450472,London一室公寓公寓,Not Found
450882,London 1间设备齐全卧室公寓,Not Found
450945,London 2间惊艳卧室公寓,Not Found
451104,London 1间宜人卧室公寓,Not Found
451164,London一室公寓公寓,Not Found
451177,London 2间热情卧室公寓,Not Found
451259,London 1间无以比拟卧室公寓,Not Found
451290,London 2间高级卧室公寓,Not Found
451311,London 2间设备齐全卧室公寓,Not Found
451313,London 1间绮丽卧室公寓,Not Found
451314,London 1间适宜卧室公寓,Not Found
451317,London 1间上佳卧室公寓,Not Found
451343,London 2间美妙卧室公寓,Not Found
451364,London 2间可爱卧室公寓,Not Found
451365,London 2间友好卧室公寓,Not Found
451366,London 2间宽敞卧室公寓,Not Found
451367,London 1间惬意卧室公寓,Not Found
451368,London 1间安逸卧室公寓,Not Found
451408,London 2间标致卧室公寓,Not Found
451446,London 1间热情卧室公寓,Not Found
451468,London 2间绝佳卧室公寓,Not Found
451475,London 1间绝佳卧室公寓,Not Found
451486,Chelsea and Kensington 2间绮丽卧室公寓,Not Found
451489,London 2间适宜卧室公寓,Not Found
451516,London 1间绮丽卧室公寓,Not Found
451606,London 1间宽敞卧室公寓,Not Found
451660,London 1间无以比拟卧室公寓,Not Found
451674,London 2间惊艳卧室公寓,Not Found
451709,Mayfair 1间热情卧室公寓,Not Found
451713,Hammersmith and Fulham 2间上佳卧室公寓,Not Found
451731,Chelsea and Kensington 2间热情卧室公寓,Not Found
451733,London 1间迷人卧室公寓,Not Found
451746,Chelsea and Kensington 1间热情卧室公寓,Not Found
451757,London 2间友好卧室公寓,Not Found
451767,London 2间宽敞卧室公寓,Not Found
451779,Poplar 1间无以比拟卧室公寓,Not Found
451813,London 2间绚丽夺目卧室公寓,Not Found
451814,London 2间绮丽卧室公寓,Not Found
451823,London 2间绝妙卧室公寓,Not Found
451835,Hammersmith and Fulham 2间瑰丽卧室公寓,Not Found
451882,London 2间宽敞卧室公寓,Not Found
451884,Chelsea and Kensington 1间上佳卧室公寓,Not Found
451885,London 2间惊艳卧室公寓,Not Found
451904,Hammersmith and Fulham 2间绚丽夺目卧室公寓,Not Found
451964,London 2间绝佳卧室公寓,Not Found
451965,London 1间标致卧室公寓,Not Found
451977,London 2间惊艳卧室公寓,Not Found
452005,Hammersmith and Fulham 2间瑰丽卧室公寓,Not Found
452006,Hammersmith and Fulham 2间无以比拟卧室公寓,Not Found
452007,Hammersmith and Fulham 2间可爱卧室公寓,Not Found
452008,Hammersmith and Fulham 2间绚丽夺目卧室公寓,Not Found
452021,London 2间瑰丽卧室公寓,Not Found
452045,London 2间热情卧室公寓,Not Found
452058,Chelsea and Kensington 2间无以比拟卧室公寓,Not Found
452076,Chelsea and Kensington 2间绮丽卧室公寓,Not Found
452077,London 2间上佳卧室公寓,Not Found
452078,London 1间绮丽卧室公寓,Not Found
452079,London 2间适宜卧室公寓,Not Found
452081,Chelsea and Kensington 2间瑰丽卧室公寓,Not Found
452082,London 2间绝佳卧室公寓,Not Found
452117,Poplar 2间宽阔卧室公寓,Not Found
452118,London 2间迷人卧室公寓,Not Found
452119,London 2间上佳卧室公寓,Not Found
452120,London 1间绮丽卧室公寓,Not Found
452121,London 1间舒适卧室公寓,Not Found
452122,London 2间绚丽夺目卧室公寓,Not Found
452123,London 1间瑰丽卧室公寓,Not Found
452124,London 2间美妙卧室公寓,Not Found
452125,London 1间惊艳卧室公寓,Not Found
452126,London 2间可爱卧室公寓,Not Found
452127,London 1间热情卧室公寓,Not Found
452128,London一室公寓公寓,Not Found
452130,London 1间迷人卧室公寓,Not Found
452133,London 1间宽阔卧室公寓,Not Found
452134,London 2间适宜卧室公寓,Not Found
452135,London 1间设备齐全卧室公寓,Not Found
452136,London 2间美妙卧室公寓,Not Found
452137,London 1间可爱卧室公寓,Not Found
452143,London 2间开阔卧室公寓,Not Found
452146,London 2间绚丽夺目卧室公寓,Not Found
452148,London 1间舒适卧室公寓,Not Found
452160,London 1间绮丽卧室公寓,Not Found
452161,London 2间绮丽卧室公寓,Not Found
452162,London 2间瑰丽卧室公寓,Not Found
452163,London 2间可爱卧室公寓,Not Found
452164,London 1间上佳卧室公寓,Not Found
452165,London 1间迷人卧室公寓,Not Found
452181,London 2间绚丽夺目卧室公寓,Not Found
452207,London 1间可爱卧室公寓,Not Found
452213,London 4间受家庭青睐卧室公寓,Not Found
452214,London 2间惊艳卧室公寓,Not Found
452285,London 2间友好卧室公寓,Not Found
452286,London 2间绚丽夺目卧室公寓,Not Found
452287,London 4间标致卧室公寓,Not Found
452368,Mayfair 2间惊艳卧室公寓,Not Found
452369,Mayfair 2间美妙卧室公寓,Not Found
452371,Mayfair 2间绚丽夺目卧室公寓,Not Found
452373,Mayfair 1间温馨卧室公寓,Not Found
452375,Mayfair 2间可爱卧室公寓,Not Found
452383,Soho and Covent Garden 2间受家庭青睐卧室公寓,Not Found
452385,Mayfair 1间热情卧室公寓,Not Found
452391,London 2间绮丽卧室公寓,Not Found
452392,Chelsea and Kensington 1间无以比拟卧室公寓,Not Found
452393,Chelsea and Kensington 2间无以比拟卧室公寓,Not Found
452398,Chelsea and Kensington一室公寓公寓,Not Found
452399,Chelsea and Kensington 2间瑰丽卧室公寓,Not Found
452403,Chelsea and Kensington 2间标致卧室公寓,Not Found
452419,Chelsea and Kensington 2间绝佳卧室公寓,Not Found
452420,London 2间美妙卧室公寓,Not Found
452426,Chelsea and Kensington 1间浪漫卧室公寓,Not Found
452433,Chelsea and Kensington 1间瑰丽卧室公寓,Not Found
452434,London 1间舒适卧室公寓,Not Found
452436,Hammersmith and Fulham 2间迷人卧室公寓,Not Found
452437,Hammersmith and Fulham 2间迷人卧室公寓,Not Found
452438,Hammersmith and Fulham 2间上佳卧室公寓,Not Found
452447,London 2间美妙卧室公寓,Not Found
452448,London 1间开阔卧室公寓,Not Found
452449,London 1间绝佳卧室公寓,Not Found
452450,London 1间瑰丽卧室公寓,Not Found
452451,London 1间热情卧室公寓,Not Found
452452,London 2间无以比拟卧室公寓,Not Found
452453,London一室公寓公寓,Not Found
452454,London 1间可爱卧室公寓,Not Found
452458,London 2间上佳卧室公寓,Not Found
452470,Chelsea and Kensington 1间瑰丽卧室公寓,Not Found
452475,London 2间惊艳卧室公寓,Not Found
452495,London 2间宽阔卧室公寓,Not Found
452505,London 2间上佳卧室公寓,Not Found
452518,London 2间受家庭青睐卧室公寓,Not Found
452519,London 2间精品卧室公寓,Not Found
452523,London 1间友好卧室公寓,Not Found
452528,London 1间绝佳卧室公寓,Not Found
452530,London 2间绚丽夺目卧室公寓,Not Found
452555,London 3间完美卧室公寓,Not Found
452556,London 1间宽阔卧室公寓,Not Found
452579,London 1间惊艳卧室公寓,Not Found
452580,London 2间标致卧室公寓,Not Found
452581,London 1间惊艳卧室公寓,Not Found
452582,London 2间绝妙卧室公寓,Not Found
452583,London 2间宽敞卧室公寓,Not Found
452584,London 2间精品卧室公寓,Not Found
452585,London 2间标致卧室公寓,Not Found
452586,London 2间惊艳卧室公寓,Not Found
452587,London 1间热情卧室公寓,Not Found
452588,London 1间宽阔卧室公寓,Not Found
452589,London 1间美妙卧室公寓,Not Found
452590,London 1间适宜卧室公寓,Not Found
452594,London 2间绝佳卧室公寓,Not Found
452595,London 1间宽敞卧室公寓,Not Found
452707,Marylebone 2间舒适卧室公寓,Not Found
