349253,Venice Beach 1间迷人卧室独栋房屋,4
388782,Venice Beach 2间迷人卧室公寓,1
388783,Venice Beach 1间绝佳卧室独栋房屋,4
388784,Venice Beach 1间绮丽卧室独栋房屋,4
388785,Venice Beach 1间适宜卧室独栋房屋,3
407856,Santa Monica 1间舒适卧室公寓,1
407952,Studio City 3间热情卧室独栋房屋,4
675,Beautiful Spacious Fully Furnished View Condo; Daily to ...,Not Found
851,North Hollywood 1间卧室青年旅馆,Not Found
852,North Hollywood 1间卧室青年旅馆,Not Found
853,North Hollywood 1间卧室青年旅馆,Not Found
854,North Hollywood 1间卧室青年旅馆,Not Found
855,North Hollywood 1间卧室青年旅馆,Not Found
856,North Hollywood 1间卧室青年旅馆,Not Found
857,North Hollywood 1间卧室青年旅馆,Not Found
858,North Hollywood 1间卧室青年旅馆,Not Found
859,Silver Lake间工作室公寓,Not Found
860,Silver Lake 1间卧室公寓,Not Found
869,Silver Lake 2间宽敞卧室公寓,Not Found
1191,West Hollywood 1间标致卧室独栋房屋,Not Found
1230,Santa Monica 4间受家庭青睐卧室独栋房屋,Not Found
1485,Central LA间工作室独栋房屋,Not Found
1584,Beverly Hills 1间高级卧室独栋房屋,Not Found
2898,West Hollywood 1间美妙卧室独栋房屋,Not Found
3000,,Not Found
3347,"""Hollywood",Not Found
3371,San Fernando Valley 2间宽敞卧室独栋房屋,Not Found
3754,Woodland Hills间工作室独栋房屋,Not Found
3755,Woodland Hills 1间舒适卧室公寓,Not Found
3862,Luxury Living at Hollywood & Vine,Not Found
4267,"""Hollywood",Not Found
5323,West Hollywood 1间精品卧室独栋房屋,Not Found
6159,Luxe Spanish Revival H.Wood Villa,Not Found
6240,"""Hollywood",Not Found
7077,Venice Beach 1间旖旎卧室公寓,Not Found
7122,Venice Beach 1间便利卧室公寓,Not Found
8214,Venice Beach 1间宜人卧室公寓,Not Found
8793,,Not Found
9800,"""Arrival Haven",Not Found
9801,Arrival Haven - The Studio,Not Found
10630,Woodland Hills 1间无以比拟卧室公寓,Not Found
10666,,Not Found
11017,West Hollywood 1间受家庭青睐卧室独栋房屋,Not Found
12073,Central LA 1间宽阔卧室公寓,Not Found
12725,West Hollywood 1间绮丽卧室公寓,Not Found
13845,,Not Found
17341,Central LA 2间美妙卧室公寓,Not Found
17343,Central LA 1间惊艳卧室公寓,Not Found
17347,Central LA 2间完美卧室公寓,Not Found
17349,Central LA 1间无以比拟卧室公寓,Not Found
17482,Los Feliz 4间精品卧室独栋房屋,Not Found
19493,"""Hollywood",Not Found
19495,"""Hollywood",Not Found
21748,San Gabriel Valley 3间受家庭青睐卧室独栋房屋,Not Found
25869,San Gabriel Valley 3间开阔卧室独栋房屋,Not Found
26424,Venice Beach间工作室独栋房屋,Not Found
26425,Venice Beach 3间瑰丽卧室独栋房屋,Not Found
27251,,Not Found
27623,,Not Found
29785,Spanish Duplex/Peaceful/Mstr Bdrm,Not Found
37143,Central LA 1间惊艳卧室公寓,Not Found
40530,Central LA 1间惊艳卧室公寓,Not Found
44534,Spanish Duplex/Peaceful/ Lrge Bdrm,Not Found
53670,Woodland Hills间工作室独栋房屋,Not Found
58398,West Hollywood 1间卧室公寓,Not Found
67888,"""Hollywood",Not Found
68854,"""Hollywood",Not Found
69900,,Not Found
73476,Central LA 2间标致卧室独栋房屋,Not Found
76377,Lomita 1间受家庭青睐卧室公寓,Not Found
78391,Central LA 1间绮丽卧室独栋房屋,Not Found
79586,"""Downtown LA",Not Found
98682,,Not Found
101616,Central LA 2间美妙卧室独栋房屋,Not Found
101960,,Not Found
102145,Melrose间工作室公寓,Not Found
102345,,Not Found
102346,Burbank 1间惊艳卧室公寓,Not Found
102886,Santa Monica 2间惊艳卧室公寓,Not Found
103162,Beverly Hills 2间便利卧室公寓,Not Found
103407,,Not Found
103544,Long Beach间工作室独栋房屋,Not Found
103703,,Not Found
104339,Beverly Hills 3间惊艳卧室独栋房屋,Not Found
105348,"""Hollywood",Not Found
106869,,Not Found
107866,,Not Found
107927,Woodland Hills 3间标致卧室独栋房屋,Not Found
107940,,Not Found
109383,"""Hollywood",Not Found
128534,,Not Found
128873,Los Feliz 1间安逸卧室独栋房屋,Not Found
129247,Central LA 1间舒适卧室公寓,Not Found
129248,West Hollywood 3间高级卧室公寓,Not Found
129765,Beverly Hills 3间精品卧室公寓,Not Found
130602,LA Downtown Skyline views house,Not Found
131100,,Not Found
132344,Silver Lake 4间开阔卧室独栋房屋,Not Found
132805,Woodland Hills 1间绮丽卧室公寓,Not Found
133538,,Not Found
134077,Santa Clarita间工作室独栋房屋,Not Found
135034,Venice Beach间工作室独栋房屋,Not Found
135257,Adorable Little Studio near Venice,Not Found
135559,Northeast Los Angeles 1间卧室独栋房屋,Not Found
136328,Marina Del Rey 1间绮丽卧室公寓,Not Found
136592,,Not Found
136593,,Not Found
136901,Beverly Hills 1间光彩夺目卧室独栋房屋,Not Found
136963,San Gabriel Valley 4间受家庭青睐卧室独栋房屋,Not Found
137299,Long Beach 1间开阔卧室独栋房屋,Not Found
145342,"""Hollywood",Not Found
156888,Playa del Rey 3间团体青睐卧室独栋房屋,Not Found
160330,Central LA 1间可爱卧室公寓,Not Found
162651,Crenshaw 1间卧室公寓,Not Found
162653,Crenshaw 2间开阔卧室公寓,Not Found
163342,Altadena间工作室独栋房屋,Not Found
163464,,Not Found
163518,,Not Found
165235,San Fernando Valley 1间卧室公寓,Not Found
166277,"""Hollywood",Not Found
166337,"""Hollywood",Not Found
166653,,Not Found
166658,,Not Found
167860,Central LA 2间标致卧室公寓,Not Found
168028,,Not Found
168201,South Los Angeles 1间绚丽夺目卧室公寓,Not Found
169772,Crenshaw 1间卧室独栋房屋,Not Found
171077,Marina Del Rey 2间绮丽卧室独栋房屋,Not Found
186790,Burbank 4间惊艳卧室独栋房屋,Not Found
187123,Los Feliz 4间光彩夺目卧室独栋房屋,Not Found
188846,Northeast Los Angeles间工作室公寓,Not Found
191180,,Not Found
191183,,Not Found
192259,West Hollywood 5间精品卧室独栋房屋,Not Found
203290,"""Downtown LA",Not Found
204052,North Hollywood 1间卧室青年旅馆,Not Found
206141,Lynwood 2间舒适卧室独栋房屋,Not Found
206486,Melrose 1间高级卧室独栋房屋,Not Found
207218,Central LA 1间绚丽夺目卧室公寓,Not Found
208431,,Not Found
208790,Venice Beach 2间卧室公寓,Not Found
208848,Beverly Hills 3间精品卧室公寓,Not Found
208982,Beverly Hills 3间团体青睐卧室独栋房屋,Not Found
211175,Echo Park间工作室公寓,Not Found
211400,Beverly Hills 2间惊艳卧室公寓,Not Found
211498,Miracle Mile 1间惊艳卧室公寓,Not Found
231121,Central LA 2间标致卧室公寓,Not Found
231546,,Not Found
231556,Central LA 3间标致卧室公寓,Not Found
231694,"""Hollywood",Not Found
239785,,Not Found
239788,,Not Found
241722,,Not Found
241982,North Hollywood 1间卧室住宿和早餐,Not Found
242503,Laurel Canyon Charmer,Not Found
242564,Central LA 2间卧室公寓,Not Found
242567,Central LA 2间卧室公寓,Not Found
242569,Central LA 2间卧室公寓,Not Found
242572,Central LA 2间卧室公寓,Not Found
242574,Central LA 1间卧室公寓,Not Found
242575,Central LA 1间卧室公寓,Not Found
242577,"""Hollywood",Not Found
242578,Central LA 2间卧室公寓,Not Found
242587,Miracle Mile 1间卧室公寓,Not Found
242591,Miracle Mile 2间卧室公寓,Not Found
242592,Miracle Mile 4间卧室独栋房屋,Not Found
242593,Echo Park 2间卧室公寓,Not Found
242594,Echo Park 2间卧室公寓,Not Found
242595,Echo Park 2间卧室公寓,Not Found
242596,Echo Park 1间卧室公寓,Not Found
242597,Echo Park 1间卧室公寓,Not Found
242679,Melrose 1间卧室公寓,Not Found
242687,Beverly Hills 1间卧室独栋房屋,Not Found
242688,Echo Park 1间卧室公寓,Not Found
242690,Echo Park 1间卧室公寓,Not Found
242692,"""Downtown LA",Not Found
242694,Central LA间工作室公寓,Not Found
242697,Venice Beach 2间卧室独栋房屋,Not Found
242700,Venice Beach 2间卧室独栋房屋,Not Found
242704,Central LA 2间卧室独栋房屋,Not Found
242705,West Hollywood 4间卧室独栋房屋,Not Found
242706,Playa del Rey 1间卧室独栋房屋,Not Found
242752,Central LA 3间高级卧室公寓,Not Found
242753,Central LA 2间卧室公寓,Not Found
242755,Central LA 2间卧室公寓,Not Found
242756,Beverly Hills 2间受家庭青睐卧室公寓,Not Found
242757,Beverly Hills 2间惊艳卧室公寓,Not Found
242758,Beverly Hills 2间卧室公寓,Not Found
242759,Beverly Hills 2间精品卧室公寓,Not Found
242760,Beverly Hills 2间标致卧室公寓,Not Found
242761,Melrose 2间绝妙卧室公寓,Not Found
242763,Melrose 2间团体青睐卧室公寓,Not Found
242765,Melrose 2间卧室公寓,Not Found
242766,Melrose 2间卧室公寓,Not Found
242835,Echo Park 1间无以比拟卧室公寓,Not Found
242973,West Hollywood 1间惊艳卧室独栋房屋,Not Found
243530,Beverly Hills 2间卧室独栋房屋,Not Found
245271,"""Hollywood",Not Found
245306,"""Hollywood",Not Found
245781,Echo Park 1间开阔卧室公寓,Not Found
245942,Burbank 2间绝妙卧室独栋房屋,Not Found
246597,Los Feliz 1间迷人卧室独栋房屋,Not Found
248552,"""Downtown LA",Not Found
248567,Bel Air 3间惊艳卧室独栋房屋,Not Found
249563,Central LA间工作室公寓,Not Found
249737,,Not Found
250070,Marina Del Rey 2间绝佳卧室公寓,Not Found
250698,Los Feliz 2间宽阔卧室独栋房屋,Not Found
250771,"""Hollywood",Not Found
251200,,Not Found
251201,,Not Found
251566,Holiday Home walk to Mondarin Hotel,Not Found
251834,Marina Del Rey间工作室公寓,Not Found
251835,"""Hollywood",Not Found
252077,West Hollywood 1间卧室独栋房屋,Not Found
252089,"""Downtown LA",Not Found
252368,Woodland Hills 2间绝佳卧室独栋房屋,Not Found
255210,Central LA 1间可爱卧室公寓,Not Found
255257,Miracle Mile 1间绮丽卧室公寓,Not Found
255352,Woodland Hills 1间上佳卧室独栋房屋,Not Found
255562,Miracle Mile 3间精品卧室公寓,Not Found
255586,Marina Del Rey 2间光彩夺目卧室公寓,Not Found
255785,Miracle Mile 3间团体青睐卧室公寓,Not Found
256339,West Hollywood 4间绝妙卧室独栋房屋,Not Found
256955,Beverly Hills 2间惊艳卧室公寓,Not Found
257175,Marina Del Rey 1间可爱卧室公寓,Not Found
257259,Santa Monica 2间高级卧室公寓,Not Found
257260,Santa Monica 1间无以比拟卧室公寓,Not Found
257620,Location ! Location ! 2BR in Hollyw,Not Found
258025,Echo Park间工作室公寓,Not Found
259374,Beverly Hills 1间团体青睐卧室独栋房屋,Not Found
259415,Marina Del Rey 1间绝佳卧室公寓,Not Found
259701,Beverly Hills 1间瑰丽卧室公寓,Not Found
259704,Beverly Hills 2间标致卧室公寓,Not Found
259824,Beverly Hills 1间无以比拟卧室公寓,Not Found
259931,Santa Monica 1间迷人卧室公寓,Not Found
259934,Santa Monica间工作室公寓,Not Found
260045,Culver City 3间绝佳卧室独栋房屋,Not Found
261229,Vintage Vacation LA Vacation Apt  1,Not Found
261233,Vintage Vacation LA Vacation Apt 3,Not Found
261235,Vintage Vacation LA Vacation Apt 4,Not Found
261236,Vintage Vacation LA Vacation Apt  5,Not Found
261237,Vintage Vacation LA Vacation Apt 6,Not Found
261381,LOS ANGELES / STUDIO CITY,Not Found
264017,Pacific Palisades 3间瑰丽卧室独栋房屋,Not Found
317852,South Los Angeles 1间温馨卧室住宿和早餐,Not Found
336655,Beverly Hills 2间高级卧室独栋房屋,Not Found
338520,,Not Found
338981,Pomona 2间绝妙卧室公寓,Not Found
338983,Pomona 2间瑰丽卧室公寓,Not Found
340028,Central LA 2间标致卧室公寓,Not Found
342653,Pacific Palisades 1间卧室公寓,Not Found
342659,Vintage Los Angeles Vacation Apt. 7,Not Found
342889,"""Downtown LA",Not Found
343207,Venice Beach 3间绝佳卧室公寓,Not Found
344035,Venice Beach 4间惊艳卧室公寓,Not Found
344206,Echo Park间工作室公寓,Not Found
344209,Central LA间工作室公寓,Not Found
344535,Venice Beach 2间可爱卧室独栋房屋,Not Found
345728,Marina Del Rey 1间惊艳卧室独栋房屋,Not Found
348941,Venice Beach 2间瑰丽卧室独栋房屋,Not Found
354936,Echo Park 1间宽敞卧室公寓,Not Found
357668,Echo Park间工作室公寓,Not Found
357712,West Hollywood 5间惊艳卧室独栋房屋,Not Found
358744,,Not Found
359890,,Not Found
361066,West Hollywood 1间光彩夺目卧室公寓,Not Found
362074,Melrose 3间高级卧室公寓,Not Found
364087,West Hollywood 2间受家庭青睐卧室公寓,Not Found
364582,FurnishedLuxury Modern Studio Loft,Not Found
368638,Sunny 2 BR Home near LAX & Beaches,Not Found
370089,Marina Del Rey 2间瑰丽卧室公寓,Not Found
387809,Echo Park 1间瑰丽卧室公寓,Not Found
388214,LA/Hollywood Luxury Master Suite,Not Found
388652,West Hollywood 2间惊艳卧室公寓,Not Found
390340,"""Hollywood",Not Found
390362,Central LA 1间无以比拟卧室公寓,Not Found
390498,Torrance 2间开阔卧室独栋房屋,Not Found
391626,Torrance 1间美妙卧室独栋房屋,Not Found
391771,Venice Beach - Studio Apt A1,Not Found
391773,Venice Beach - Studio Apt B2,Not Found
406082,West Hollywood 5间卧室独栋房屋,Not Found
406546,West Hollywood 1间光彩夺目卧室公寓,Not Found
407846,SANTA MONICA: 2 Bedroom 2 Bath with Living Room and  Kitchen,Not Found
407847,SANTA MONICA: Furnished Apartments in Corporate Center,Not Found
407953,West Hollywood 4间光彩夺目卧室独栋房屋,Not Found
407963,"""Hollywood",Not Found
407964,West Hollywood 3间高级卧室独栋房屋,Not Found
407965,Los Feliz 5间瑰丽卧室独栋房屋,Not Found
407966,West Hollywood 4间标致卧室独栋房屋,Not Found
407968,"""Hollywood",Not Found
409530,Echo Park 1间宽敞卧室青年旅馆,Not Found
409536,Koreatown 2间卧室公寓,Not Found
409547,,Not Found
409551,,Not Found
409925,Melrose 2间卧室公寓,Not Found
409995,"""Hollywood",Not Found
410002,West Hollywood 9间卧室独栋房屋,Not Found
410845,Beverly Hills 3间卧室独栋房屋,Not Found
410923,South Los Angeles 1间旖旎卧室住宿和早餐,Not Found
411176,1 Bedroom House in Miracle Mile,Not Found
411424,San Fernando Valley 3间宽敞卧室独栋房屋,Not Found
412091,Santa Monica 1间宽敞卧室公寓,Not Found
414377,,Not Found
415172,Echo Park 1间卧室公寓,Not Found
415374,"""Hollywood",Not Found
415570,Los Angeles间工作室独栋房屋,Not Found
415572,Los Angeles 1间设备齐全卧室独栋房屋,Not Found
415576,Los Angeles 2间光彩夺目卧室独栋房屋,Not Found
417943,Cimmaron Guest House,Not Found
419042,LA Extended Stay Studio 3,Not Found
419136,Los Angeles 5间卧室独栋房屋,Not Found
419620,Marina Del Rey间工作室公寓,Not Found
419823,Echo Park 1间舒适卧室公寓,Not Found
419884,Los Angeles间工作室酒店,Not Found
420147,LA Extended Stay Studio 4 #2,Not Found
420234,West Hollywood 6间卧室独栋房屋,Not Found
420242,West Los Angeles 7间卧室独栋房屋,Not Found
420244,Los Angeles 5间卧室独栋房屋,Not Found
420294,Beverly Hills 5间卧室独栋房屋,Not Found
421152,2间卧室公寓,Not Found
421153,1间卧室公寓,Not Found
421547,,Not Found
421933,Westwood 1间美妙卧室公寓,Not Found
421946,Los Angeles 1间开阔卧室公寓,Not Found
422051,Westwood 2间卧室公寓,Not Found
422052,Westwood 1间卧室公寓,Not Found
422053,Westwood 3间卧室公寓,Not Found
422054,Westwood 4间卧室公寓,Not Found
422055,Westwood 4间卧室公寓,Not Found
426477,The Cottage (The Anderson Estates),Not Found
426608,Los Angeles 5间标致卧室公寓,Not Found
426618,Los Angeles 1间团体青睐卧室公寓,Not Found
426619,Los Angeles 1间精品卧室公寓,Not Found
426779,BH/WeHo/W 3rd St Oasis with Pool,Not Found
428265,Los Angeles 1间标致卧室公寓,Not Found
428266,Los Angeles 1间热情卧室公寓,Not Found
428267,"""Hollywood",Not Found
428268,Los Angeles 2间宽敞卧室公寓,Not Found
428299,Los Angeles 3间完美卧室公寓,Not Found
428707,Holiday Home walk to Mondarin Hotel #2,Not Found
428910,Los Angeles 3间美妙卧室公寓,Not Found
428911,Los Angeles 4间精品卧室公寓,Not Found
430915,HOLLYWOOD VISTA: ONE BEDROOM,Not Found
431861,BRIGHT SUNNY VINTAGE BEVERLY HILLS,Not Found
432451,HOLLYWOOD's TOP FLOOR 2 BED 2 BATH,Not Found
432489,Long Beach 1间卧室公寓,Not Found
432523,North Hollywood 3间光彩夺目卧室独栋房屋,Not Found
432669,Los Angeles 1间精品卧室公寓,Not Found
432673,Long Beach 1间友好卧室独栋房屋,Not Found
433141,,Not Found
433142,,Not Found
433143,,Not Found
433146,,Not Found
433147,,Not Found
433149,,Not Found
433152,,Not Found
434918,"""Hollywood",Not Found
435040,South Los Angeles一室公寓公寓,Not Found
435041,South Los Angeles一室公寓公寓,Not Found
436699,Los Angeles 7间绝佳卧室独栋房屋,Not Found
439511,,Not Found
439730,Beverly Hills 4间绝佳卧室独栋房屋,Not Found
439956,"""Hollywood",Not Found
439958,"""Hollywood",Not Found
440587,Venice Beach一室公寓公寓,Not Found
440588,Los Angeles一室公寓公寓,Not Found
440590,"""Downtown LA",Not Found
440624,San Fernando Valley 5间惊艳卧室独栋房屋,Not Found
440626,Woodland Hills 3间完美卧室独栋房屋,Not Found
440627,North Hollywood 3间美妙卧室独栋房屋,Not Found
440628,San Fernando Valley 2间开阔卧室独栋房屋,Not Found
440630,West Hollywood 4间开阔卧室独栋房屋,Not Found
440680,South Los Angeles 1间安逸卧室公寓,Not Found
440681,South Los Angeles一室公寓公寓,Not Found
440682,South Los Angeles一室公寓公寓,Not Found
440683,South Los Angeles一室公寓公寓,Not Found
443818,Altadena一室公寓公寓,Not Found
443819,Altadena 1间绚丽夺目卧室独栋房屋,Not Found
443861,,Not Found
443863,Altadena 1间标致卧室独栋房屋,Not Found
444537,Los Angeles 2间团体青睐卧室公寓,Not Found
444540,Echo Park 1间标致卧室公寓,Not Found
445135,,Not Found
445173,Los Angeles 4间卧室独栋房屋,Not Found
445179,Los Angeles 2间卧室公寓,Not Found
445181,Beverly Hills 3间卧室独栋房屋,Not Found
445213,Bel Air 2间卧室公寓,Not Found
445234,Beverly Hills 6间卧室独栋房屋,Not Found
445238,Los Angeles 2间卧室独栋房屋,Not Found
445239,Woodland Hills 5间卧室独栋房屋,Not Found
445241,Beverly Hills 6间卧室独栋房屋,Not Found
445243,Westwood 2间卧室公寓,Not Found
445246,Westwood 8间卧室公寓,Not Found
445255,Los Angeles 4间卧室公寓,Not Found
445259,Los Angeles 10间卧室独栋房屋,Not Found
445294,Los Angeles 1间开阔卧室公寓,Not Found
445885,West Hollywood 2间绝佳卧室住宿和早餐,Not Found
446491,Santa Monica 2间绝妙卧室独栋房屋,Not Found
448528,Central LA 1间标致卧室青年旅馆,Not Found
448879,Central LA 2间高级卧室公寓,Not Found
449079,Santa Monica 1间卧室公寓,Not Found
