11654,Upper East Side 2间绮丽卧室公寓,1
35858,East Harlem 2间宽敞卧室公寓,1
169361,East Harlem间工作室公寓,1
241551,East Harlem 2间无以比拟卧室公寓,1
241552,East Harlem 2间开阔卧室公寓,1
241558,East Harlem 2间友好卧室公寓,1
241561,East Harlem 2间设备齐全卧室公寓,1
241562,East Harlem 2间迷人卧室公寓,1
241582,Midtown West 2间开阔卧室公寓,1
241595,Upper East Side 1间上佳卧室公寓,1
391897,Midtown West 2间友好卧室公寓,1
197,,Not Found
477,Upper East Side间工作室公寓,Not Found
492,"""large",Not Found
622,Brooklyn 1间绝佳卧室公寓,Not Found
649,Midtown East 1间卧室公寓,Not Found
887,,Not Found
1170,Chinatown 2间卧室公寓,Not Found
1266,East Village 2间卧室公寓,Not Found
1387,Midtown East 2间卧室公寓,Not Found
1668,Midtown West 3间卧室公寓,Not Found
1669,Midtown East 3间卧室公寓,Not Found
1671,Midtown East 2间卧室公寓,Not Found
1681,Midtown East 4间卧室公寓,Not Found
1684,Midtown East 2间卧室公寓,Not Found
1695,Chinatown 2间卧室公寓,Not Found
1707,East Village 1间卧室公寓,Not Found
2096,Midtown East 2间卧室公寓,Not Found
2151,Midtown East 1间卧室公寓,Not Found
2474,Midtown West 3间卧室公寓,Not Found
2794,Lower East Side间工作室公寓,Not Found
3118,East Village 1间卧室公寓,Not Found
3367,Park Slope 4间惊艳卧室公寓,Not Found
3488,Brooklyn 1间宽阔卧室公寓,Not Found
3546,Brooklyn 1间热情卧室公寓,Not Found
3717,Prospect Lefferts Gardens 1间宽敞卧室公寓,Not Found
3936,Midtown West 2间卧室公寓,Not Found
3978,Lower Manhattan间工作室公寓,Not Found
3995,Midtown East 1间卧室公寓,Not Found
4137,Upper West Side 1间卧室公寓,Not Found
4307,Park Slope 4间卧室公寓,Not Found
4379,Midtown East 2间卧室公寓,Not Found
4423,,Not Found
4548,Bronx 1间旖旎卧室公寓,Not Found
4885,Upper Manhattan 1间瑰丽卧室公寓,Not Found
4886,Upper Manhattan 2间精品卧室公寓,Not Found
4887,Upper Manhattan 2间绝佳卧室公寓,Not Found
5004,East Harlem 1间卧室公寓,Not Found
5103,Chinatown 1间卧室公寓,Not Found
5155,Midtown East间工作室公寓,Not Found
5174,Midtown East 1间卧室公寓,Not Found
5177,Midtown East 1间卧室公寓,Not Found
5238,,Not Found
5605,,Not Found
5912,Convenient Studio Apartment in East Village with Aircon,Not Found
5969,Lower East Side 1间卧室公寓,Not Found
5990,Clinton Hill间工作室公寓,Not Found
6179,Bushwick 2间热情卧室公寓,Not Found
6222,East Village 1间开阔卧室公寓,Not Found
6322,Midtown East 2间卧室公寓,Not Found
6323,Lower East Side 1间卧室公寓,Not Found
6348,,Not Found
6355,Midtown West 2间卧室公寓,Not Found
6376,Midtown West 2间卧室公寓,Not Found
6385,Lower East Side 2间瑰丽卧室公寓,Not Found
6444,Midtown East间工作室公寓,Not Found
6491,,Not Found
6493,Bedford–Stuyvesant间工作室公寓,Not Found
6610,Bedford–Stuyvesant 1间卧室公寓,Not Found
6618,Upper West Side 2间瑰丽卧室公寓,Not Found
6639,East Village间工作室公寓,Not Found
6643,Midtown East 2间卧室公寓,Not Found
6644,Midtown West 3间卧室公寓,Not Found
6774,Midtown East间工作室公寓,Not Found
6876,Washington Heights 3间美妙卧室公寓,Not Found
6888,Washington Heights 3间标致卧室公寓,Not Found
6889,Washington Heights 3间标致卧室公寓,Not Found
6989,,Not Found
7005,Upper East Side 2间宽敞卧室公寓,Not Found
7078,Midtown West 2间卧室公寓,Not Found
7167,,Not Found
7394,Union Square间工作室公寓,Not Found
7414,,Not Found
7452,,Not Found
7689,Midtown West 2间卧室公寓,Not Found
7934,Brooklyn 1间卧室公寓,Not Found
7943,Chelsea 1间适宜卧室公寓,Not Found
8022,Midtown West 2间卧室公寓,Not Found
8047,Midtown East 3间卧室公寓,Not Found
8180,Chelsea 2间绮丽卧室公寓,Not Found
8197,Midtown East 1间适宜卧室公寓,Not Found
8211,Upper East Side 3间卧室公寓,Not Found
8215,Upper Manhattan 1间热情卧室公寓,Not Found
8218,Midtown East 2间卧室公寓,Not Found
8415,Bedford–Stuyvesant 2间卧室公寓,Not Found
8493,East Village 1间绝佳卧室公寓,Not Found
8549,,Not Found
8703,Midtown West 4间卧室公寓,Not Found
9142,Midtown East间工作室公寓,Not Found
9232,Midtown West 2间卧室公寓,Not Found
9346,Lower East Side 2间便捷卧室公寓,Not Found
9434,Upper East Side 1间卧室公寓,Not Found
9537,Sunny - Elevator Apt,Not Found
9828,Union Square 3间卧室公寓,Not Found
9938,Greenwich Village 2间卧室公寓,Not Found
10072,,Not Found
10074,Upper East Side 2间卧室公寓,Not Found
10132,,Not Found
10250,East Harlem 1间开阔卧室公寓,Not Found
10454,Bedford–Stuyvesant 2间卧室公寓,Not Found
10717,Midtown West 2间卧室公寓,Not Found
10959,,Not Found
11423,Park Slope 1间卧室公寓,Not Found
11696,Midtown West 2间卧室公寓,Not Found
11813,Lower East Side 3间完美卧室公寓,Not Found
11884,,Not Found
11903,Union Square 2间卧室公寓,Not Found
11905,Midtown East 1间卧室公寓,Not Found
11952,Midtown West 2间卧室公寓,Not Found
12096,,Not Found
12245,Bedford–Stuyvesant 1间惊艳卧室公寓,Not Found
12265,Midtown East 4间卧室公寓,Not Found
12336,East Village间工作室公寓,Not Found
12554,Clinton Hill 1间迷人卧室公寓,Not Found
12589,SoHo 2间美妙卧室公寓,Not Found
12773,Crown Heights 2间惊艳卧室公寓,Not Found
12789,Upper East Side 3间卧室公寓,Not Found
12816,Bedford–Stuyvesant 1间可爱卧室公寓,Not Found
12892,View of the UN for 3.Appartement meublé,Not Found
13011,Midtown West 1间瑰丽卧室公寓,Not Found
13553,,Not Found
13806,Midtown West 2间卧室公寓,Not Found
14552,Upper East Side间工作室公寓,Not Found
14693,Midtown East 1间绝佳卧室公寓,Not Found
14809,Union Square 1间卧室公寓,Not Found
14945,Midtown West 2间卧室公寓,Not Found
15325,,Not Found
15688,,Not Found
17527,Crown Heights 2间瑰丽卧室公寓,Not Found
17672,East Village 1间光彩夺目卧室公寓,Not Found
17755,East Harlem 1间卧室公寓,Not Found
18878,Chelsea间工作室公寓,Not Found
19339,Midtown East 1间完美卧室公寓,Not Found
19979,Upper Manhattan 2间高级卧室公寓,Not Found
20064,Midtown East间工作室公寓,Not Found
21618,,Not Found
22442,Lower Manhattan 1间卧室公寓,Not Found
22855,,Not Found
25160,Elmhurst 1间卧室公寓,Not Found
25381,Midtown East 2间卧室公寓,Not Found
25871,Astoria 1间迷人卧室公寓,Not Found
25979,Midtown West 1间卧室公寓,Not Found
26016,Bedford–Stuyvesant间工作室公寓,Not Found
26672,Midtown East 6间卧室公寓,Not Found
26783,Midtown East 1间卧室公寓,Not Found
26972,Bedford–Stuyvesant 1间卧室公寓,Not Found
26979,Upper West Side 2间迷人卧室公寓,Not Found
26982,Upper West Side 1间热情卧室公寓,Not Found
27115,Midtown East间工作室公寓,Not Found
27117,Midtown West间工作室公寓,Not Found
27127,East Harlem 2间卧室公寓,Not Found
27483,Upper East Side间工作室公寓,Not Found
27583,Elegant apartment for rent,Not Found
27631,Murray Hill 1间卧室公寓,Not Found
27768,Upper East Side 1间卧室公寓,Not Found
27809,,Not Found
27886,Chinatown间工作室公寓,Not Found
28039,NoLita间工作室公寓,Not Found
28599,Midtown West 3间绝妙卧室公寓,Not Found
28601,Midtown West 3间受家庭青睐卧室公寓,Not Found
28897,,Not Found
29035,Upper East Side间工作室公寓,Not Found
29212,Upper West Side 1间卧室公寓,Not Found
29779,Upper Manhattan 1间绝妙卧室公寓,Not Found
34910,Brighton Beach 2间瑰丽卧室公寓,Not Found
34950,Midtown East 1间卧室公寓,Not Found
35859,East Harlem 4间惊艳卧室公寓,Not Found
36063,Greenpoint 1间设备齐全卧室酒店,Not Found
36220,Midtown West间工作室公寓,Not Found
36336,Lower East Side 3间卧室公寓,Not Found
36499,Midtown West间工作室公寓,Not Found
37384,Crown Heights 2间卧室公寓,Not Found
37471,Upper East Side 1间便利卧室公寓,Not Found
37472,Upper East Side 1间卧室公寓,Not Found
37627,,Not Found
38164,Chinatown 1间上佳卧室公寓,Not Found
38166,Chinatown 1间可爱卧室公寓,Not Found
39964,Chinatown 1间卧室公寓,Not Found
42435,Midtown West 3间宽敞卧室公寓,Not Found
42470,East Village 3间卧室公寓,Not Found
42989,Crown Heights 1间宽敞卧室公寓,Not Found
44733,Upper East Side间工作室公寓,Not Found
44865,Midtown West间工作室公寓,Not Found
44873,East Harlem 1间卧室公寓,Not Found
46515,Upper West Side 2间绝妙卧室公寓,Not Found
48319,SoHo 1间热情卧室公寓,Not Found
48404,Brighton Beach 2间无以比拟卧室公寓,Not Found
49020,Sunset Park 4间卧室公寓,Not Found
49211,Midtown West间工作室公寓,Not Found
49288,,Not Found
49291,,Not Found
49295,,Not Found
49418,Midtown East间工作室公寓,Not Found
49419,Midtown East间工作室公寓,Not Found
49421,Midtown East间工作室公寓,Not Found
49423,Midtown East间工作室公寓,Not Found
49425,Midtown East间工作室公寓,Not Found
49427,Midtown East间工作室公寓,Not Found
49428,Midtown East间工作室公寓,Not Found
49521,Murray Hill 2间美妙卧室公寓,Not Found
49759,Midtown East 1间卧室公寓,Not Found
50378,Midtown East 2间卧室公寓,Not Found
50381,Midtown East 2间卧室公寓,Not Found
50384,Midtown East 2间卧室公寓,Not Found
50385,Midtown East 2间卧室公寓,Not Found
50455,Little Italy 2间卧室公寓,Not Found
50603,Upper East Side 2间开阔卧室公寓,Not Found
51272,,Not Found
51623,Lower Manhattan 2间卧室公寓,Not Found
52020,East Village 2间绚丽夺目卧室公寓,Not Found
52021,East Village 2间热情卧室公寓,Not Found
52024,East Village 2间宽敞卧室公寓,Not Found
52025,East Village 2间卧室公寓,Not Found
52831,Midtown East 1间友好卧室公寓,Not Found
53140,Brooklyn 1间宜人卧室独栋房屋,Not Found
53317,Prospect Park South 1间卧室独栋房屋,Not Found
53333,East Harlem 1间卧室公寓,Not Found
53419,East Harlem 1间卧室公寓,Not Found
53435,,Not Found
53601,Chelsea间工作室公寓,Not Found
54012,,Not Found
54798,Midtown East 1间卧室公寓,Not Found
55548,,Not Found
55767,Upper East Side 1间卧室公寓,Not Found
55768,Upper East Side 1间卧室公寓,Not Found
55769,Upper East Side 1间卧室公寓,Not Found
55772,,Not Found
55773,,Not Found
55851,Midtown East 3间卧室公寓,Not Found
55949,Chelsea 2间卧室公寓,Not Found
55966,Upper West Side 3间卧室公寓,Not Found
56000,Midtown West 3间卧室公寓,Not Found
56155,Greenwich Village间工作室公寓,Not Found
56286,Midtown West 1间瑰丽卧室公寓,Not Found
56756,,Not Found
56844,Midtown East 2间卧室公寓,Not Found
57376,Morningside Heights 3间卧室公寓,Not Found
57498,Crown Heights 2间宽敞卧室公寓,Not Found
58066,Bensonhurst 1间宽敞卧室公寓,Not Found
59679,Midtown East 1间精品卧室公寓,Not Found
59696,Williamsburg间工作室公寓,Not Found
59787,Lower Manhattan 2间绝佳卧室公寓,Not Found
59878,Midtown East 1间上佳卧室公寓,Not Found
60191,Astoria 3间受家庭青睐卧室公寓,Not Found
60375,Chelsea 1间卧室公寓,Not Found
60755,Cozy Lower East Side 1 bdrm apt,Not Found
61030,Midtown West间工作室公寓,Not Found
61459,Upper East Side 2间卧室公寓,Not Found
62276,Midtown West 3间便利卧室公寓,Not Found
62403,Midtown West 3间瑰丽卧室公寓,Not Found
62708,Midtown West 2间卧室公寓,Not Found
63028,Harlem 1间卧室公寓,Not Found
63162,Midtown West 3间卧室公寓,Not Found
63539,Prospect Lefferts Gardens 1间高级卧室公寓,Not Found
63947,Midtown East 3间卧室公寓,Not Found
64508,Upper East Side 1间卧室公寓,Not Found
64596,Midtown East 2间卧室公寓,Not Found
64861,,Not Found
64865,,Not Found
64968,Chinatown 1间卧室公寓,Not Found
65879,Lower East Side 1间卧室公寓,Not Found
65881,Lower East Side 1间卧室公寓,Not Found
66007,Chinatown 1间卧室公寓,Not Found
66752,Midtown East 3间卧室公寓,Not Found
66949,Little Italy 2间上佳卧室公寓,Not Found
66950,Midtown East间工作室公寓,Not Found
66958,,Not Found
67667,"""E Village #1",Not Found
67670,"""E Village #2",Not Found
67671,"""E Village Brand Nu 6Br",Not Found
67673,"""E Village #4",Not Found
67674,"""E Village Brand Nu 6BR",Not Found
67675,"""E Village Brand Nu 6BR",Not Found
67716,Upper West Side 1间绮丽卧室公寓,Not Found
67785,Upper West Side 2间适宜卧室公寓,Not Found
68013,Upper East Side 2间美妙卧室公寓,Not Found
68184,Midtown East 1间瑰丽卧室公寓,Not Found
68356,Washington Heights 3间绝佳卧室公寓,Not Found
68466,Midtown East间工作室公寓,Not Found
69047,Chelsea 1间瑰丽卧室公寓,Not Found
69208,Bedford–Stuyvesant间工作室公寓,Not Found
69494,Upper East Side 1间卧室公寓,Not Found
69495,Upper East Side 1间卧室公寓,Not Found
69496,Upper East Side 1间卧室公寓,Not Found
69497,Upper East Side 1间卧室公寓,Not Found
69502,Upper East Side 1间卧室公寓,Not Found
69559,Upper East Side 2间卧室公寓,Not Found
69580,Murray Hill 2间卧室公寓,Not Found
69891,East Harlem 1间卧室公寓,Not Found
69893,East Harlem 1间卧室公寓,Not Found
69946,Upper Manhattan 1间惊艳卧室公寓,Not Found
71163,Queens间工作室公寓,Not Found
71170,Lower Manhattan 1间标致卧室公寓,Not Found
71972,Ditmas Park 2间瑰丽卧室公寓,Not Found
72155,,Not Found
72191,Gowanus 2间适宜卧室公寓,Not Found
72240,East Harlem 2间卧室公寓,Not Found
72277,East Village间工作室公寓,Not Found
72281,Lower Manhattan间工作室公寓,Not Found
72351,East Village 1间宽敞卧室公寓,Not Found
72424,Brooklyn 3间安逸卧室公寓,Not Found
72427,Bedford–Stuyvesant 3间可爱卧室公寓,Not Found
72566,Upper East Side 1间设备齐全卧室公寓,Not Found
72816,Midtown West 2间卧室公寓,Not Found
72977,Upper East Side 2间瑰丽卧室公寓,Not Found
72978,Chinatown 1间绝佳卧室公寓,Not Found
73116,Bushwick 3间绝佳卧室公寓,Not Found
73182,Lower East Side 2间绚丽夺目卧室公寓,Not Found
73440,Upper West Side 1间绝佳卧室公寓,Not Found
73654,,Not Found
74227,,Not Found
74407,Harlem 1间标致卧室公寓,Not Found
74526,Greenwich Village间工作室公寓,Not Found
74631,,Not Found
74868,Prospect Heights 1间美妙卧室公寓,Not Found
76689,Comfortable home-fun area-sleeps 3,Not Found
78354,Upper West Side 1间惊艳卧室公寓,Not Found
78864,Midtown East 1间受家庭青睐卧室公寓,Not Found
78865,Midtown East 2间上佳卧室公寓,Not Found
78867,Midtown East 1间安逸卧室公寓,Not Found
84867,Upper West Side 1间宽阔卧室公寓,Not Found
98668,Midtown East 2间卧室公寓,Not Found
98752,Midtown East 3间光彩夺目卧室公寓,Not Found
98979,Midtown West 3间高级卧室公寓,Not Found
99990,Guestroom w/ Bath ~ 15 Mins to Midtown!,Not Found
100192,Brooklyn 2间完美卧室公寓,Not Found
100200,Brooklyn 3间宽敞卧室公寓,Not Found
100287,East Village 2间瑰丽卧室公寓,Not Found
100422,,Not Found
100475,,Not Found
100894,,Not Found
100898,,Not Found
101199,East Harlem 1间卧室公寓,Not Found
101276,Midtown East 2间卧室公寓,Not Found
101370,East Harlem 1间卧室公寓,Not Found
101777,Midtown East 3间卧室公寓,Not Found
101800,Bedford–Stuyvesant 3间惊艳卧室公寓,Not Found
101964,Bedford–Stuyvesant 2间宽敞卧室公寓,Not Found
101994,East Harlem 2间卧室公寓,Not Found
102468,Midtown East 2间卧室公寓,Not Found
103077,Upper East Side 1间卧室公寓,Not Found
103093,Staten Island 2间卧室独栋房屋,Not Found
103094,Staten Island 2间卧室独栋房屋,Not Found
103541,Upper West Side 2间宽敞卧室公寓,Not Found
103576,East Village 3间完美卧室公寓,Not Found
103577,East Village 2间标致卧室公寓,Not Found
104372,,Not Found
104509,Midtown East 1间卧室公寓,Not Found
105176,Union Square 2间受家庭青睐卧室公寓,Not Found
106160,East Village 1间精品卧室公寓,Not Found
106265,Midtown West 2间光彩夺目卧室公寓,Not Found
106266,Chelsea 1间卧室公寓,Not Found
106860,Upper West Side 2间上佳卧室公寓,Not Found
107274,Midtown East 2间卧室公寓,Not Found
107298,,Not Found
107491,,Not Found
107595,NEW - 2 BR's - 10 min. to Manhattan,Not Found
107616,Midtown East 2间卧室公寓,Not Found
107691,Midtown West间工作室公寓,Not Found
107797,Upper East Side 2间绚丽夺目卧室公寓,Not Found
107890,Union Square 1间卧室公寓,Not Found
107894,Union Square 1间绝佳卧室公寓,Not Found
107895,Midtown East 1间热情卧室公寓,Not Found
107896,Greenwich Village 1间绝佳卧室公寓,Not Found
108030,Private RM 15min from the Manhattan,Not Found
109151,Midtown West 2间宽敞卧室公寓,Not Found
109158,Midtown West间工作室公寓,Not Found
109172,Upper East Side 1间完美卧室公寓,Not Found
109533,Midtown West 2间可爱卧室公寓,Not Found
109743,Midtown West 2间绝佳卧室公寓,Not Found
115293,"""Steps to Subway",Not Found
121753,Upper East Side 2间卧室公寓,Not Found
122455,Chinatown 2间卧室公寓,Not Found
128886,East Village 3间设备齐全卧室公寓,Not Found
128941,Upper East Side 2间卧室公寓,Not Found
129073,Greenpoint间工作室酒店,Not Found
129125,Upper East Side 2间宽敞卧室公寓,Not Found
129181,Harlem 1间惊艳卧室公寓,Not Found
129249,Upper West Side 2间卧室公寓,Not Found
129766,,Not Found
129936,Charming Large Studio Union Square,Not Found
130626,Midtown East 1间完美卧室公寓,Not Found
130678,Brooklyn 2间卧室公寓,Not Found
131180,,Not Found
131181,,Not Found
131182,,Not Found
131185,Lower East Side 1间卧室公寓,Not Found
131350,Upper East Side间工作室公寓,Not Found
131629,Bronx 1间卧室独栋房屋,Not Found
131954,,Not Found
132004,,Not Found
132322,East Village间工作室公寓,Not Found
132501,Sunny Bedroom with Large Bay Window,Not Found
132646,Brooklyn Heights 2间开阔卧室公寓,Not Found
132916,Upper East Side 2间设备齐全卧室公寓,Not Found
132997,,Not Found
133644,Brooklyn 1间卧室公寓,Not Found
133720,Midtown East间工作室公寓,Not Found
133928,,Not Found
134048,Midtown West 1间瑰丽卧室公寓,Not Found
134152,Midtown East间工作室公寓,Not Found
134320,Midtown West 1间惊艳卧室公寓,Not Found
134418,Fort Greene 2间完美卧室公寓,Not Found
134435,Midtown East 1间宽阔卧室公寓,Not Found
134436,Chinatown 1间无以比拟卧室公寓,Not Found
134502,,Not Found
134513,Upper East Side 2间舒适卧室公寓,Not Found
134618,East Harlem 2间卧室公寓,Not Found
134647,Upper West Side 2间精品卧室公寓,Not Found
135061,,Not Found
135103,,Not Found
135108,Brooklyn 1间便利卧室公寓,Not Found
135311,Upper West Side 1间标致卧室公寓,Not Found
135416,South Seaport 1间安逸卧室公寓,Not Found
135618,East Harlem 1间卧室公寓,Not Found
135654,East Harlem 2间精品卧室公寓,Not Found
136458,East Village 1间卧室公寓,Not Found
136731,Private Bedroom - 15min to Manhattan,Not Found
137184,Clinton Hill 3间卧室公寓,Not Found
137286,Brooklyn 2间卧室公寓,Not Found
141644,Upper West Side 1间光彩夺目卧室公寓,Not Found
148483,Greenwich Village 1间卧室公寓,Not Found
148512,Greenwich Village 2间开阔卧室公寓,Not Found
154653,"""NEW-15 min to Manhattan",Not Found
158527,Upper Manhattan 3间惊艳卧室公寓,Not Found
159098,Staten Island间工作室独栋房屋,Not Found
159826,Upper Manhattan 2间卧室公寓,Not Found
159990,Upper Manhattan 3间卧室公寓,Not Found
160020,Washington Heights 3间卧室公寓,Not Found
160063,Upper Manhattan 3间开阔卧室公寓,Not Found
160480,Crown Heights 2间可爱卧室独栋房屋,Not Found
160489,Harlem 1间高级卧室公寓,Not Found
160518,Upper West Side 2间卧室公寓,Not Found
160987,Brooklyn 2间友好卧室公寓,Not Found
161719,Upper West Side 2间开阔卧室公寓,Not Found
161720,Greenwich Village 2间适宜卧室公寓,Not Found
161801,Upper West Side 1间便捷卧室公寓,Not Found
161904,Midtown West 1间卧室公寓,Not Found
162148,East Harlem 2间卧室公寓,Not Found
162160,Staten Island 2间卧室独栋房屋,Not Found
162577,South Jamaica 1间精品卧室住宿和早餐,Not Found
162946,Midtown East 1间舒适卧室公寓,Not Found
162956,Midtown West 1间宽敞卧室住宿和早餐,Not Found
163091,Upper East Side 1间卧室公寓,Not Found
163095,Upper East Side 1间瑰丽卧室公寓,Not Found
163098,Chelsea 1间卧室公寓,Not Found
163100,Midtown East 1间卧室公寓,Not Found
163324,Harlem 3间标致卧室公寓,Not Found
163378,Long Island City 2间卧室独栋房屋,Not Found
163387,Upper East Side 1间卧室公寓,Not Found
163398,Midtown West 1间卧室公寓,Not Found
163404,Midtown West 2间卧室公寓,Not Found
163484,Upper East Side 1间卧室公寓,Not Found
163490,East Village间工作室公寓,Not Found
163541,East Village 1间卧室公寓,Not Found
164287,Chinatown 1间惊艳卧室公寓,Not Found
164288,Greenwich Village 1间宽敞卧室公寓,Not Found
164747,,Not Found
164835,Brooklyn 2间卧室独栋房屋,Not Found
165181,Upper East Side 2间热情卧室公寓,Not Found
165193,Washington Heights 1间卧室公寓,Not Found
165299,,Not Found
165301,,Not Found
165303,,Not Found
165304,,Not Found
165317,,Not Found
165318,Harlem 3间完美卧室公寓,Not Found
165319,Morningside Heights 1间标致卧室公寓,Not Found
165322,Astoria 2间宽阔卧室独栋房屋,Not Found
165426,Midtown West间工作室公寓,Not Found
165747,Upper East Side 1间高级卧室公寓,Not Found
165750,,Not Found
165751,,Not Found
165940,Harlem 1间卧室公寓,Not Found
166154,,Not Found
166326,Upper East Side间工作室公寓,Not Found
166391,Times Square/Sleep 2,Not Found
166846,Midtown East间工作室公寓,Not Found
167356,East Village 3间瑰丽卧室公寓,Not Found
167588,Midtown East 1间设备齐全卧室公寓,Not Found
167822,Williamsburg 1间卧室公寓,Not Found
167893,Upper East Side 1间卧室公寓,Not Found
167896,Upper East Side 1间卧室公寓,Not Found
168192,Upper East Side间工作室公寓,Not Found
168198,Midtown East 1间卧室公寓,Not Found
168349,Upper East Side 1间卧室公寓,Not Found
168941,Upper East Side间工作室公寓,Not Found
168969,Lower East Side 3间可爱卧室公寓,Not Found
169423,Midtown West 3间迷人卧室公寓,Not Found
169424,Upper East Side间工作室公寓,Not Found
169425,Midtown West 3间迷人卧室公寓,Not Found
169512,Greenwich Village 1间宽阔卧室公寓,Not Found
169534,East Harlem 3间设备齐全卧室公寓,Not Found
169783,Woodside 1间瑰丽卧室公寓,Not Found
169788,Murray Hill 3间卧室公寓,Not Found
169854,Lower East Side 2间热情卧室公寓,Not Found
169889,Upper West Side 1间卧室公寓,Not Found
169890,Upper West Side 1间卧室公寓,Not Found
170022,Upper East Side 2间赏心卧室公寓,Not Found
170024,Upper West Side 1间温馨卧室公寓,Not Found
170370,Upper Manhattan 3间适宜卧室独栋房屋,Not Found
170900,Midtown West 2间宽阔卧室公寓,Not Found
171137,Upper East Side 3间受家庭青睐卧室公寓,Not Found
171240,Upper East Side间工作室公寓,Not Found
171276,South Seaport 2间卧室公寓,Not Found
179417,Midtown East 2间高级卧室公寓,Not Found
185541,Upper East Side间工作室公寓,Not Found
187203,Greenwich Village 1间精品卧室公寓,Not Found
187517,Upper East Side 2间卧室公寓,Not Found
188595,Midtown East间工作室公寓,Not Found
188599,Midtown East 1间绮丽卧室公寓,Not Found
188773,South Seaport 2间卧室公寓,Not Found
189575,Midtown East 1间绮丽卧室公寓,Not Found
189596,,Not Found
190017,Midtown East 2间绮丽卧室公寓,Not Found
190051,Midtown East间工作室公寓,Not Found
190052,Chelsea 1间热情卧室公寓,Not Found
190057,Chelsea 2间标致卧室公寓,Not Found
190299,East Harlem 2间卧室公寓,Not Found
190303,Midtown East 1间上佳卧室公寓,Not Found
190495,East Harlem 2间卧室公寓,Not Found
190561,Harlem 1间舒适卧室公寓,Not Found
190928,East Harlem 2间精品卧室公寓,Not Found
190954,Midtown East 2间惊艳卧室公寓,Not Found
190960,Midtown East 1间惊艳卧室公寓,Not Found
190963,Midtown East 1间舒适卧室公寓,Not Found
191332,Midtown West 2间高级卧室公寓,Not Found
191639,,Not Found
191774,,Not Found
192058,Washington Heights 2间卧室公寓,Not Found
192073,Upper East Side 2间卧室公寓,Not Found
192075,Upper West Side 2间卧室公寓,Not Found
192708,Upper East Side 2间卧室公寓,Not Found
192723,Williamsburg 1间卧室公寓,Not Found
192825,Upper West Side间工作室公寓,Not Found
192826,Upper West Side间工作室公寓,Not Found
192828,,Not Found
192829,Upper West Side 1间卧室公寓,Not Found
192831,Morningside Heights 1间卧室公寓,Not Found
192832,Morningside Heights 1间卧室公寓,Not Found
192834,Morningside Heights 1间卧室公寓,Not Found
192836,Upper West Side间工作室公寓,Not Found
193055,,Not Found
193082,,Not Found
193139,Midtown East 1间瑰丽卧室公寓,Not Found
193297,Midtown West 2间卧室公寓,Not Found
193376,Upper East Side 1间卧室公寓,Not Found
193378,Midtown East间工作室公寓,Not Found
193379,Midtown East间工作室公寓,Not Found
193381,Midtown West间工作室公寓,Not Found
193403,Midtown East 3间卧室公寓,Not Found
193503,Midtown West间工作室公寓,Not Found
193511,Upper East Side 2间绚丽夺目卧室公寓,Not Found
193784,Midtown West 1间卧室公寓,Not Found
193786,"""#1 Cozy Studio Midtown",Not Found
193788,"""#3 Cozy Studio Midtown",Not Found
193789,Midtown West 3间卧室公寓,Not Found
193794,"""#2 Cozy Studio Midtown",Not Found
193795,"""#11 Cozy Studio Midtown",Not Found
193796,"""#4 Cozy Studio Midtown",Not Found
193797,"""#6 Cozy Studio Midtown",Not Found
193798,"""#17 Cozy Studio Midtown",Not Found
193799,"""#8 Cozy Studio Midtown",Not Found
193801,"""#14Cozy Studio Midtown",Not Found
193803,"""#26 Cozy Studio Midtown",Not Found
202995,"""#10 Cozy Studio Midtown",Not Found
202997,"""#13 Cozy Studio Midtown",Not Found
202998,"""#15 Luxur Studio Midtown",Not Found
202999,"""#20 Cozy Studio Midtown",Not Found
203000,Loft Studio in Midtown,Not Found
203014,"""#7Suit 1Bed RoomMidtown",Not Found
203015,"""#12suit 1bedroom Midtown",Not Found
203016,Cozy Studio with Patio,Not Found
203019,"""#5  3 bed room Midtown",Not Found
203026,"""#29Cozy Studio Midtown",Not Found
205492,Bronx间工作室公寓,Not Found
205493,Bronx间工作室公寓,Not Found
205621,,Not Found
205758,Chinatown 1间卧室公寓,Not Found
205759,Chinatown 2间卧室公寓,Not Found
206061,East Harlem 2间卧室公寓,Not Found
206064,,Not Found
206155,Lower East Side 1间舒适卧室公寓,Not Found
206310,"""#30 Cozy Studio Midtown",Not Found
206327,Upper West Side 3间卧室公寓,Not Found
206368,Midtown East间工作室公寓,Not Found
206381,Midtown West 1间卧室公寓,Not Found
206472,Staten Island 5间卧室独栋房屋,Not Found
206484,Staten Island 3间卧室公寓,Not Found
206680,Upper West Side 1间卧室公寓,Not Found
207137,Staten Island 4间卧室独栋房屋,Not Found
208729,Upper West Side间工作室公寓,Not Found
208882,Manhattan XL room by Columbia Uni,Not Found
208903,Upper Manhattan 2间受家庭青睐卧室公寓,Not Found
209379,Midtown East间工作室公寓,Not Found
210974,Times Square/Sleep 3,Not Found
211338,East Village间工作室公寓,Not Found
211442,Midtown East 1间便捷卧室公寓,Not Found
211470,west 139th HUGE ROOM FOR 1-2,Not Found
211559,Chinatown 3间卧室公寓,Not Found
211566,Long Island City 1间宽敞卧室公寓,Not Found
211650,Chinatown 4间卧室公寓,Not Found
211653,,Not Found
211655,,Not Found
211657,,Not Found
211661,,Not Found
211678,Midtown East 3间友好卧室公寓,Not Found
211736,Union Square 1间迷人卧室公寓,Not Found
211884,,Not Found
211892,Midtown East 2间卧室公寓,Not Found
212010,,Not Found
212080,,Not Found
212292,Bronx 2间开阔卧室独栋房屋,Not Found
231348,Midtown West 1间卧室公寓,Not Found
231547,Bushwick 2间卧室公寓,Not Found
231550,Bedford–Stuyvesant 2间卧室公寓,Not Found
231551,Bedford–Stuyvesant 1间卧室公寓,Not Found
231552,Bedford–Stuyvesant 1间卧室公寓,Not Found
231831,,Not Found
237398,Midtown West 3间卧室公寓,Not Found
237399,Midtown West 3间卧室公寓,Not Found
237402,Upper East Side 1间卧室公寓,Not Found
239806,Upper East Side 2间卧室公寓,Not Found
241305,East Village间工作室公寓,Not Found
241458,Harlem 2间宽阔卧室公寓,Not Found
241555,East Harlem 2间宽阔卧室公寓,Not Found
241573,Upper East Side间工作室公寓,Not Found
241582,Midtown West 2间开阔卧室公寓,Not Found
241685,Williamsburg 3间卧室公寓,Not Found
242487,Williamsburg 5间标致卧室公寓,Not Found
242493,Upper West Side 1间惊艳卧室公寓,Not Found
242554,Midtown East间工作室公寓,Not Found
242821,,Not Found
242883,Upper West Side 2间卧室公寓,Not Found
242937,Williamsburg 5间绝妙卧室公寓,Not Found
242939,,Not Found
242942,Chinatown间工作室公寓,Not Found
242949,,Not Found
242952,,Not Found
242953,Williamsburg 5间精品卧室青年旅馆,Not Found
242954,Williamsburg 5间绝佳卧室公寓,Not Found
242956,,Not Found
243004,#33 5 Bedroom 2 Bath Near Empire,Not Found
243118,Union Square 3间绝佳卧室公寓,Not Found
243315,Astoria间工作室公寓,Not Found
243317,Woodside 1间宽敞卧室公寓,Not Found
243501,Brooklyn 1间惊艳卧室公寓,Not Found
243837,,Not Found
244130,Upper East Side 2间开阔卧室公寓,Not Found
244644,,Not Found
244889,Little Italy 2间卧室公寓,Not Found
244899,Harlem 2间高级卧室公寓,Not Found
244918,Upper West Side间工作室公寓,Not Found
245125,Midtown East 2间卧室公寓,Not Found
245126,Midtown East 2间卧室公寓,Not Found
245325,Staten Island 2间卧室公寓,Not Found
245408,Midtown West 2间卧室公寓,Not Found
245421,Upper East Side 2间卧室公寓,Not Found
245523,Midtown East间工作室公寓,Not Found
245729,Union Square 1间瑰丽卧室公寓,Not Found
245780,Staten Island 4间卧室公寓,Not Found
245833,Brighton Beach 1间上佳卧室青年旅馆,Not Found
245890,Midtown East 1间卧室公寓,Not Found
245919,,Not Found
245934,Midtown West 3间卧室公寓,Not Found
245971,Upper Manhattan 2间卧室公寓,Not Found
246013,Midtown East 2间卧室公寓,Not Found
246229,Midtown West 2间卧室公寓,Not Found
246231,Union Square 3间卧室公寓,Not Found
246242,Murray Hill 2间卧室公寓,Not Found
246617,Moblat #1 cozy and convenient 1bdrm,Not Found
246664,Upper Manhattan 3间宽敞卧室公寓,Not Found
246702,Upper West Side 1间卧室公寓,Not Found
246705,Upper West Side 1间卧室公寓,Not Found
246821,South Seaport 3间卧室公寓,Not Found
247007,Midtown East间工作室公寓,Not Found
247014,"""#16suit 1bedroom Midtown",Not Found
247016,"""#27 Cozy Studio Midtown",Not Found
247154,Lower East Side 4间精品卧室公寓,Not Found
247156,Lower East Side 3间受家庭青睐卧室公寓,Not Found
247213,Upper East Side 1间卧室住宿和早餐,Not Found
247332,Downtown Brooklyn 4间绝妙卧室公寓,Not Found
247467,Upper East Side 2间卧室公寓,Not Found
247649,Midtown West间工作室公寓,Not Found
247774,Midtown East 1间卧室公寓,Not Found
247780,Murray Hill 1间卧室公寓,Not Found
247807,South Seaport 2间卧室公寓,Not Found
248156,Upper Manhattan 2间玲珑卧室公寓,Not Found
248191,Upper Manhattan 2间迷人卧室公寓,Not Found
248638,Midtown West 3间卧室公寓,Not Found
248639,Midtown East 2间卧室公寓,Not Found
248722,Midtown East 1间惊艳卧室公寓,Not Found
248731,Brooklyn 1间卧室独栋房屋,Not Found
248734,,Not Found
248737,Brooklyn 1间卧室独栋房屋,Not Found
248760,,Not Found
248911,Clinton Hill 2间宽敞卧室公寓,Not Found
248969,Brooklyn 2间开阔卧室公寓,Not Found
249359,Greenwich Village 2间卧室公寓,Not Found
249369,1 Bedroom Apartment,Not Found
249370,East Village 2间卧室公寓,Not Found
249672,Union Square 1间卧室公寓,Not Found
249673,Midtown East间工作室公寓,Not Found
249700,Midtown East 2间卧室公寓,Not Found
249710,Upper West Side 1间卧室公寓,Not Found
249920,Midtown West 2间卧室公寓,Not Found
249923,Midtown West 2间卧室公寓,Not Found
250072,Upper West Side 1间卧室公寓,Not Found
250337,,Not Found
250347,Brighton Beach 1间卧室公寓,Not Found
250519,Upper Manhattan 2间美妙卧室公寓,Not Found
250653,NEW-Awesome 2 Bed.Min.to Manhattan!,Not Found
250770,East Harlem 3间宽敞卧室公寓,Not Found
250778,Chinatown 3间卧室公寓,Not Found
250952,Boerum Hill间工作室公寓,Not Found
251412,Upper West Side 3间卧室公寓,Not Found
251496,Astoria 3间开阔卧室公寓,Not Found
251646,Midtown East 3间卧室公寓,Not Found
251737,,Not Found
251750,Midtown East 2间卧室公寓,Not Found
251781,Midtown West 2间卧室公寓,Not Found
251847,Midtown East 2间卧室公寓,Not Found
251888,Bronx 2间卧室公寓,Not Found
252053,Midtown East 3间卧室公寓,Not Found
252166,Midtown East间工作室公寓,Not Found
254965,Midtown East 1间卧室公寓,Not Found
254967,Midtown West间工作室公寓,Not Found
255089,Lower Manhattan间工作室公寓,Not Found
255139,Upper West Side 2间卧室公寓,Not Found
255207,,Not Found
255293,Upper West Side 2间宽阔卧室公寓,Not Found
255414,Upper Manhattan 1间卧室住宿和早餐,Not Found
255587,Modern UWS Apt Prvt Master BD by CP,Not Found
256225,Upper West Side 2间卧室公寓,Not Found
257068,Chinatown 1间卧室公寓,Not Found
257071,Midtown East 1间卧室公寓,Not Found
257073,Chinatown间工作室公寓,Not Found
257074,Midtown East 1间卧室公寓,Not Found
257075,Midtown East间工作室公寓,Not Found
257077,Midtown East 1间卧室公寓,Not Found
257079,Midtown West 1间卧室公寓,Not Found
257205,Upper West Side间工作室公寓,Not Found
257210,Chinatown 1间热情卧室公寓,Not Found
257218,Midtown East 3间可爱卧室公寓,Not Found
257219,Midtown East 2间完美卧室公寓,Not Found
257314,Astoria 2间卧室公寓,Not Found
257356,Midtown West 1间卧室公寓,Not Found
257362,Chinatown间工作室公寓,Not Found
257628,Sheepshead Bay 1间卧室青年旅馆,Not Found
257652,Chinatown间工作室公寓,Not Found
257653,Chinatown 2间卧室公寓,Not Found
257654,Midtown East间工作室公寓,Not Found
257655,Midtown East 2间卧室公寓,Not Found
257657,Chinatown 1间卧室公寓,Not Found
257658,Midtown West 2间卧室公寓,Not Found
257660,Midtown West 2间卧室公寓,Not Found
257661,Midtown West间工作室公寓,Not Found
257662,Midtown East间工作室公寓,Not Found
257664,Midtown East 1间卧室公寓,Not Found
257665,Midtown East 1间卧室公寓,Not Found
257675,Long Island City 2间绝妙卧室公寓,Not Found
257774,Midtown West 2间卧室公寓,Not Found
257902,East Village 2间完美卧室公寓,Not Found
258431,Upper Manhattan 1间上佳卧室公寓,Not Found
259252,,Not Found
259532,Midtown East 1间卧室公寓,Not Found
259702,Roosevelt Island 1间卧室公寓,Not Found
259707,Midtown West 2间卧室公寓,Not Found
259922,Upper Manhattan 1间卧室公寓,Not Found
260066,Midtown East 1间卧室公寓,Not Found
260200,,Not Found
260240,East Flatbush 2间卧室公寓,Not Found
260350,Midtown West间工作室公寓,Not Found
260351,Midtown West 1间卧室公寓,Not Found
260357,Chinatown 3间卧室独栋房屋,Not Found
260359,Upper East Side 1间卧室公寓,Not Found
260364,Midtown West 1间卧室公寓,Not Found
260365,Midtown West 1间卧室公寓,Not Found
260366,Greenwich Village 1间惊艳卧室公寓,Not Found
260367,Midtown East 2间卧室公寓,Not Found
260368,Midtown East 2间卧室公寓,Not Found
260369,Greenwich Village 1间卧室公寓,Not Found
260371,Upper West Side 1间卧室公寓,Not Found
260373,Chinatown 2间卧室公寓,Not Found
260375,West Village间工作室公寓,Not Found
260550,Bedford–Stuyvesant 2间浪漫卧室公寓,Not Found
260552,East Flatbush 4间高级卧室公寓,Not Found
260949,,Not Found
260952,,Not Found
261286,Brooklyn 1间惬意卧室独栋房屋,Not Found
261287,Brooklyn间工作室公寓,Not Found
261562,Midtown West 4间受家庭青睐卧室公寓,Not Found
261563,,Not Found
262261,Bushwick 1间热情卧室独栋房屋,Not Found
262990,LARGE ROOM FOR YOUR STAY,Not Found
263045,Midtown West 3间惊艳卧室公寓,Not Found
263368,New York 1间卧室公寓,Not Found
263624,Midtown East 3间光彩夺目卧室公寓,Not Found
263648,[8575] Luxury 1 BR Furnished,Not Found
263969,Bronx间工作室公寓,Not Found
263982,"""#35 Cozy Studio Midtown",Not Found
264147,Midtown East 2间卧室公寓,Not Found
264456,,Not Found
264811,Midtown East 1间可爱卧室公寓,Not Found
264816,Lower Manhattan 1间热情卧室公寓,Not Found
265724,,Not Found
271374,,Not Found
306652,Astoria间工作室公寓,Not Found
307318,Astoria 1间浪漫卧室公寓,Not Found
309885,Astoria 2间受家庭青睐卧室公寓,Not Found
317208,Brooklyn间工作室公寓,Not Found
317257,Brighton Beach 1间卧室青年旅馆,Not Found
317258,Brighton Beach 1间卧室青年旅馆,Not Found
317259,Brighton Beach 1间卧室青年旅馆,Not Found
317260,Brighton Beach 1间卧室青年旅馆,Not Found
317261,Brighton Beach 1间卧室青年旅馆,Not Found
317262,Sheepshead Bay 1间卧室青年旅馆,Not Found
317263,Sheepshead Bay 1间卧室青年旅馆,Not Found
317265,Sheepshead Bay 1间卧室青年旅馆,Not Found
317266,Sheepshead Bay 1间卧室青年旅馆,Not Found
317267,Sheepshead Bay 1间卧室青年旅馆,Not Found
317268,Sheepshead Bay 1间卧室青年旅馆,Not Found
317391,,Not Found
317982,East Harlem 2间惊艳卧室公寓,Not Found
318043,Upper East Side间工作室公寓,Not Found
318047,Upper East Side 1间卧室公寓,Not Found
318055,Upper East Side 1间卧室公寓,Not Found
318093,Brooklyn 3间受家庭青睐卧室公寓,Not Found
318130,,Not Found
318159,Midtown East 3间精品卧室公寓,Not Found
335255,NoLita 1间惊艳卧室公寓,Not Found
335290,Chelsea 1间设备齐全卧室公寓,Not Found
335624,New York间工作室公寓,Not Found
338793,Chelsea 2间绝佳卧室公寓,Not Found
338794,NoLita间工作室公寓,Not Found
338795,NoLita 2间绝妙卧室公寓,Not Found
338796,Midtown West 2间精品卧室公寓,Not Found
338804,Midtown East 1间温馨卧室公寓,Not Found
339023,Williamsburg 2间卧室酒店,Not Found
342584,,Not Found
342877,Upper Manhattan间工作室公寓,Not Found
342878,Upper Manhattan 2间卧室公寓,Not Found
344324,Upper West Side 1间上佳卧室公寓,Not Found
344363,Prospect Lefferts Gardens 1间绝妙卧室公寓,Not Found
345234,Upper West Side 1间卧室公寓,Not Found
345238,,Not Found
345240,,Not Found
345737,,Not Found
346373,Midtown West 3间卧室公寓,Not Found
346377,,Not Found
346394,,Not Found
346736,Upper Manhattan 2间美妙卧室公寓,Not Found
347258,,Not Found
347452,Brooklyn 1间卧室青年旅馆,Not Found
347525,,Not Found
347537,Prospect Lefferts Gardens 3间绝佳卧室公寓,Not Found
347539,Little Italy 1间卧室公寓,Not Found
347644,Midtown West 2间标致卧室公寓,Not Found
347656,Washington Heights 1间适宜卧室公寓,Not Found
348135,,Not Found
349309,East Village间工作室公寓,Not Found
349319,Staten Island 1间卧室公寓,Not Found
351195,,Not Found
351196,,Not Found
351578,Canarsie 3间迷人卧室公寓,Not Found
353524,,Not Found
353820,Astoria 2间卧室公寓,Not Found
353821,Astoria 2间卧室公寓,Not Found
354840,Midtown East 1间卧室公寓,Not Found
355115,Luxury 1br in Prime Murray Hill,Not Found
355117,Midtown East 1间卧室公寓,Not Found
357150,Midtown West 1间完美卧室公寓,Not Found
357531,NEW-Amazing 1 Bedroom in Astoria!,Not Found
359273,Brooklyn 1间可爱卧室公寓,Not Found
361978,Midtown East 1间便利卧室公寓,Not Found
361982,Midtown East 1间宽敞卧室公寓,Not Found
362128,Upper East Side 4间惊艳卧室独栋房屋,Not Found
364118,Midtown East间工作室公寓,Not Found
364276,,Not Found
364279,,Not Found
364316,Midtown East 3间卧室公寓,Not Found
364473,Midtown East间工作室公寓,Not Found
364474,Midtown East 1间热情卧室公寓,Not Found
364477,Midtown East 1间绚丽夺目卧室公寓,Not Found
364565,Sunnyside 3间开阔卧室公寓,Not Found
364746,Midtown East间工作室公寓,Not Found
364906,Bushwick 3间精品卧室公寓,Not Found
365172,Upper Manhattan 2间设备齐全卧室公寓,Not Found
365246,Midtown West 3间卧室公寓,Not Found
365416,Upper East Side 3间卧室公寓,Not Found
365418,Midtown East 1间卧室公寓,Not Found
365421,Murray Hill 2间卧室公寓,Not Found
365424,Midtown East 3间卧室公寓,Not Found
365545,Midtown West 2间卧室公寓,Not Found
365546,Midtown West 1间卧室公寓,Not Found
365547,Midtown East 2间卧室公寓,Not Found
365549,Midtown West 2间卧室公寓,Not Found
365594,Upper East Side 1间卧室公寓,Not Found
365598,,Not Found
365750,,Not Found
368308,Midtown West 1间开阔卧室公寓,Not Found
368373,Midtown East 1间绝佳卧室公寓,Not Found
368374,Upper East Side 2间光彩夺目卧室公寓,Not Found
368377,Midtown East 1间卧室公寓,Not Found
368439,Sunnyside 3间瑰丽卧室公寓,Not Found
368466,Midtown East 2间可爱卧室公寓,Not Found
368616,Brooklyn 2间绝佳卧室公寓,Not Found
368617,Midtown West 3间卧室公寓,Not Found
368701,Upper West Side 3间卧室公寓,Not Found
369152,Upper East Side 2间卧室公寓,Not Found
369153,Upper East Side 1间卧室公寓,Not Found
369154,Upper East Side 2间卧室公寓,Not Found
369155,Upper East Side 1间卧室公寓,Not Found
369156,Upper East Side 1间卧室公寓,Not Found
369360,Alcove Studio in Prime Chelsea,Not Found
369610,Midtown East 3间卧室公寓,Not Found
369615,Midtown East 3间卧室公寓,Not Found
369625,Chelsea 2间卧室公寓,Not Found
369626,Midtown West 2间卧室公寓,Not Found
369629,Midtown East 2间卧室公寓,Not Found
369630,Midtown East 2间卧室公寓,Not Found
369631,Midtown East 2间卧室公寓,Not Found
369633,Midtown East 1间卧室公寓,Not Found
370059,Long Island City 4间受家庭青睐卧室独栋房屋,Not Found
370062,Midtown West 2间卧室公寓,Not Found
370185,Brooklyn 1间绝佳卧室公寓,Not Found
370919,Brooklyn 1间光彩夺目卧室公寓,Not Found
371243,,Not Found
386196,Upper East Side 1间卧室公寓,Not Found
386679,Midtown East 3间卧室公寓,Not Found
386689,Chinatown 2间卧室公寓,Not Found
386692,Greenwich Village 2间卧室公寓,Not Found
387115,Chinatown 1间卧室公寓,Not Found
387792,Midtown East 2间卧室公寓,Not Found
387793,Midtown West 2间卧室公寓,Not Found
387807,Midtown West 1间绝妙卧室公寓,Not Found
388242,Bushwick 1间开阔卧室公寓,Not Found
388306,Midtown East 1间卧室公寓,Not Found
388310,Upper East Side间工作室公寓,Not Found
388312,Upper East Side间工作室公寓,Not Found
388313,Upper East Side间工作室公寓,Not Found
388315,Upper East Side间工作室公寓,Not Found
388316,Upper East Side间工作室公寓,Not Found
388461,Bushwick 1间无以比拟卧室公寓,Not Found
388506,Bushwick 1间迷人卧室公寓,Not Found
388691,Brooklyn 2间宽阔卧室公寓,Not Found
389426,Midtown East 2间卧室公寓,Not Found
389442,Harlem 4间卧室独栋房屋,Not Found
389443,Midtown East 4间卧室公寓,Not Found
390933,COMFY HOMEAWAYFROM HOME 2BDR,Not Found
391155,Midtown West 1间卧室公寓,Not Found
391522,Midtown West 4间卧室公寓,Not Found
391710,COZY AND COMFY 1BEDROOM,Not Found
391949,Little Italy 2间惊艳卧室公寓,Not Found
392794,Midtown East间工作室公寓,Not Found
392804,Chinatown 2间卧室公寓,Not Found
392806,Chinatown间工作室公寓,Not Found
392831,SPACIOUS 1 BEDROOM APARTMENT,Not Found
393031,Midtown West 2间卧室公寓,Not Found
406727,Midtown West 2间卧室公寓,Not Found
407290,Upper West Side 4间精品卧室公寓,Not Found
407460,Midtown East间工作室公寓,Not Found
407532,Lower East Side 2间开阔卧室公寓,Not Found
407534,Midtown East 2间上佳卧室公寓,Not Found
407667,Union Square 3间标致卧室公寓,Not Found
407668,Little Italy 3间高级卧室公寓,Not Found
407717,West Village 1间设备齐全卧室公寓,Not Found
407739,Midtown East 1间卧室公寓,Not Found
408039,[7990] Awesome Midtown 3 Bed/2 Bath,Not Found
408040,Murray Hill 2间卧室公寓,Not Found
408042,Upper East Side 1间卧室公寓,Not Found
408043,[8445] Perfect Upper East 1 Bed,Not Found
408044,Union Square 2间卧室公寓,Not Found
408049,Midtown East 2间卧室公寓,Not Found
408116,West Village 4间卧室公寓,Not Found
408118,Midtown West 4间卧室公寓,Not Found
408120,Midtown East 2间卧室公寓,Not Found
408121,Midtown West 3间卧室公寓,Not Found
408122,[8138] Prime East Village 3 Bed,Not Found
408146,Midtown West 2间卧室公寓,Not Found
408155,Little Italy间工作室公寓,Not Found
408294,Midtown West间工作室公寓,Not Found
408298,[8405] Modern Upper East Sid 1 Bed,Not Found
408300,[3697] Hell's Kitchen 3 Bedroom,Not Found
408366,Midtown West 1间卧室公寓,Not Found
408519,Upper East Side 1间卧室公寓,Not Found
408520,[8389] Charming Upper East 1 Bed,Not Found
408522,[8075] Attractive Midtown 3 Bedroom,Not Found
408526,[8282] Lovely Madison Ave 1 Bed,Not Found
408527,Upper East Side 1间卧室公寓,Not Found
408528,Midtown East 2间卧室公寓,Not Found
408693,Midtown West 2间卧室公寓,Not Found
408696,[8581] Amazing 1 Bed- Outdoor Space,Not Found
408697,Chinatown 1间卧室公寓,Not Found
408718,Midtown East 3间光彩夺目卧室公寓,Not Found
408719,Little Italy 3间绝佳卧室公寓,Not Found
408720,Midtown East 3间团体青睐卧室公寓,Not Found
408813,Midtown East 3间卧室公寓,Not Found
408814,Chelsea 1间卧室公寓,Not Found
408815,East Village 1间卧室公寓,Not Found
408819,Midtown East 1间卧室公寓,Not Found
408820,Murray Hill 2间卧室公寓,Not Found
408821,[8570] Garment District 2 Bed,Not Found
408825,Midtown East 3间卧室公寓,Not Found
408827,Upper East Side 1间卧室公寓,Not Found
408828,Upper East Side 1间卧室公寓,Not Found
408832,[8394] Superb 2 BR - Garment Dist,Not Found
408833,Murray Hill 2间卧室公寓,Not Found
408836,[8249] Awesome 2 BR - Garment Dist,Not Found
408838,[6839] Comfortable Mid East 2 BR,Not Found
408841,Murray Hill 2间卧室公寓,Not Found
408842,[8580] Charming Midtown 1 Bed,Not Found
408843,[8413] Great Garment District 2 Bed,Not Found
408844,[8201] Awesome Midtown 2 Bed,Not Found
408845,Midtown East 3间卧室公寓,Not Found
409124,Midtown West 3间卧室公寓,Not Found
409165,Union Square 2间卧室公寓,Not Found
409166,Chinatown 2间卧室公寓,Not Found
409168,Midtown West 3间卧室公寓,Not Found
409236,Downtown Brooklyn 4间惊艳卧室公寓,Not Found
409237,SoHo 2间卧室公寓,Not Found
409294,East Harlem 3间美妙卧室公寓,Not Found
409295,,Not Found
409422,Greenwich Village 1间卧室公寓,Not Found
409423,New York 1间卧室公寓,Not Found
409425,Upper West Side间工作室公寓,Not Found
409793,East Village 1间卧室公寓,Not Found
409799,Midtown East 1间绝佳卧室公寓,Not Found
409810,Midtown West 1间友好卧室公寓,Not Found
410020,UES 2br GEM--SHORT+LONG-TERM SUBLET,Not Found
410092,Williamsburg 3间舒适卧室公寓,Not Found
410233,Murray Hill 1间标致卧室公寓,Not Found
410280,Brooklyn 2间宽阔卧室公寓,Not Found
410348,[8255] Luxurious Amazing UWS 1 Bed,Not Found
410349,Union Square 3间卧室公寓,Not Found
410351,Upper East Side 3间卧室公寓,Not Found
410352,Midtown East 2间卧室公寓,Not Found
410541,East New York 1间宽敞卧室公寓,Not Found
410740,,Not Found
410829,Upper Manhattan 3间高级卧室公寓,Not Found
410833,Upper Manhattan 3间绚丽夺目卧室公寓,Not Found
410919,,Not Found
411041,East Village 2间可爱卧室公寓,Not Found
411088,,Not Found
411089,Upper Manhattan 2间卧室公寓,Not Found
411249,,Not Found
411253,Chelsea间工作室公寓,Not Found
411856,Midtown East 3间精品卧室公寓,Not Found
411858,Midtown East 3间惊艳卧室公寓,Not Found
411999,Bushwick 4间精品卧室公寓,Not Found
412295,Brighton Beach间工作室青年旅馆,Not Found
413574,,Not Found
413641,,Not Found
413755,Ozone Park 3间惬意卧室独栋房屋,Not Found
413833,New York 3间完美卧室公寓,Not Found
413994,Manhattan Cozy Room,Not Found
413995,Midtown East 2间美妙卧室公寓,Not Found
414420,Brooklyn 1间设备齐全卧室青年旅馆,Not Found
414429,Brooklyn间工作室青年旅馆,Not Found
414847,,Not Found
415088,East Village 1间设备齐全卧室公寓,Not Found
415097,Chinatown 1间便捷卧室公寓,Not Found
417931,Modern Upper East 1 BR [8588],Not Found
417932,Beautiful Upper East 1 BR [8585],Not Found
418551,1间卧室公寓,Not Found
419045,Upper West Side 3间惊艳卧室公寓,Not Found
419442,Midtown East 1间卧室公寓,Not Found
419443,Awesome 1 BR Prime Location [8589],Not Found
419542,Upper Manhattan 2间绝佳卧室公寓,Not Found
419608,Midtown East 1间可爱卧室公寓,Not Found
420312,Midtown East 5间卧室公寓,Not Found
420424,Cozy Bedroom 15 Mins to Midtown,Not Found
420620,Woodside 5间旖旎卧室独栋房屋,Not Found
420668,Midtown East 5间卧室公寓,Not Found
420672,Midtown East 5间卧室公寓,Not Found
420673,Upper West Side 5间卧室公寓,Not Found
420675,Upper West Side 4间卧室公寓,Not Found
420676,Midtown East 4间卧室公寓,Not Found
420678,New York 5间卧室公寓,Not Found
420679,Midtown East 4间卧室公寓,Not Found
420681,Midtown East 4间卧室公寓,Not Found
420683,Midtown East 4间卧室公寓,Not Found
420689,Midtown East 4间卧室公寓,Not Found
420705,New York 4间卧室公寓,Not Found
420745,East Harlem 3间卧室公寓,Not Found
420755,East Harlem 2间卧室公寓,Not Found
420758,Upper West Side 3间卧室公寓,Not Found
420766,Upper West Side 3间卧室公寓,Not Found
420775,Upper West Side 3间卧室公寓,Not Found
420783,Upper West Side 3间卧室公寓,Not Found
420814,New York 3间卧室公寓,Not Found
420982,Midtown East 3间卧室公寓,Not Found
420983,Midtown East 3间卧室公寓,Not Found
420984,Chinatown 3间卧室公寓,Not Found
420989,Midtown East 1间卧室公寓,Not Found
420991,Midtown East 1间卧室公寓,Not Found
420994,Midtown East 1间卧室公寓,Not Found
420995,Midtown East 1间卧室公寓,Not Found
420996,New York 1间卧室公寓,Not Found
421015,New York 1间卧室公寓,Not Found
421018,New York 1间卧室公寓,Not Found
421020,New York 1间卧室公寓,Not Found
421110,Midtown East 3间卧室公寓,Not Found
421111,East Harlem 3间卧室公寓,Not Found
421112,Midtown East 3间卧室公寓,Not Found
421113,New York 3间卧室公寓,Not Found
421114,New York 3间卧室公寓,Not Found
421115,New York 3间卧室公寓,Not Found
421118,New York 3间卧室公寓,Not Found
421120,New York 3间卧室公寓,Not Found
421121,New York 3间卧室公寓,Not Found
421122,New York 3间卧室公寓,Not Found
421123,New York 3间卧室公寓,Not Found
421124,New York 3间卧室公寓,Not Found
421155,Midtown East 3间卧室公寓,Not Found
421157,New York 3间卧室公寓,Not Found
421158,New York 2间卧室公寓,Not Found
421306,Midtown East 1间卧室公寓,Not Found
421308,Midtown East 1间卧室公寓,Not Found
421309,Midtown East 1间卧室公寓,Not Found
421310,Midtown East 1间卧室公寓,Not Found
421311,Midtown East 1间卧室公寓,Not Found
422044,Sunny Room in Duplex Hop from Train,Not Found
426914,Midtown East 2间卧室公寓,Not Found
427061,New York 3间绝妙卧室独栋房屋,Not Found
427113,"""Cozy Studio Midtown",Not Found
428539,"""ParkViewSunny HOME",Not Found
429222,Spacious 3 Bedroom Apartment,Not Found
429312,Cozy apt with Security & Doorman,Not Found
429368,"""MANHATTAN room",Not Found
429633,Home Away from Home in Harlem N.Y.,Not Found
430343,Private Cozy 2 bedroom Apartment,Not Found
430443,Chinatown 2间惊艳卧室公寓,Not Found
430803,"""The Suite",Not Found
430911,Manhattan Room Share for Girls,Not Found
431162,,Not Found
431436,Cozy apartment 15 minutes from NYC,Not Found
431906,Upper Manhattan 4间卧室公寓,Not Found
432573,Quite Clean Studio on UES 79st,Not Found
432674,Midtown East 2间卧室公寓,Not Found
432832,New York一室公寓公寓,Not Found
432834,New York 1间美妙卧室公寓,Not Found
432835,New York 1间团体青睐卧室公寓,Not Found
432837,New York一室公寓公寓,Not Found
432839,Upper West Side 1间标致卧室公寓,Not Found
432843,Boerum Hill 1间惊艳卧室公寓,Not Found
433070,Boerum Hill 1间绝妙卧室公寓,Not Found
433072,Boerum Hill 3间精品卧室公寓,Not Found
433076,Boerum Hill 2间精品卧室公寓,Not Found
433205,Upper Manhattan 1间卧室公寓,Not Found
433247,Brooklyn 2间完美卧室独栋房屋,Not Found
437183,New York 2间绚丽夺目卧室公寓,Not Found
438156,New York 1间迷人卧室公寓,Not Found
438193,New York 3间惊艳卧室公寓,Not Found
439079,New York 2间开阔卧室公寓,Not Found
439080,New York 2间迷人卧室公寓,Not Found
439081,New York 2间舒适卧室公寓,Not Found
439082,New York 3间绚丽夺目卧室公寓,Not Found
439083,New York 2间绚丽夺目卧室公寓,Not Found
439084,New York 1间上佳卧室公寓,Not Found
439085,Midtown East 3间友好卧室公寓,Not Found
439086,New York 2间上佳卧室公寓,Not Found
439089,New York 2间无以比拟卧室公寓,Not Found
439091,New York 2间无以比拟卧室公寓,Not Found
439092,New York 2间舒适卧室公寓,Not Found
439093,New York 2间适宜卧室公寓,Not Found
439094,New York 2间宽敞卧室公寓,Not Found
439095,New York 1间便捷卧室公寓,Not Found
439097,New York 1间宜人卧室公寓,Not Found
439099,New York 2间无以比拟卧室公寓,Not Found
439100,New York 2间宽敞卧室公寓,Not Found
439101,New York 2间惊艳卧室公寓,Not Found
439102,New York 1间绮丽卧室公寓,Not Found
439103,New York 1间瑰丽卧室公寓,Not Found
439106,New York 2间适宜卧室公寓,Not Found
439186,Jackson Heights一室公寓公寓,Not Found
439708,New York一室公寓公寓,Not Found
441161,New York一室公寓公寓,Not Found
441998,Bronx 5间设备齐全卧室公寓,Not Found
442525,Midtown East一室公寓公寓,Not Found
443749,Midtown East 2间宜人卧室公寓,Not Found
443753,New York 3间可爱卧室公寓,Not Found
443783,,Not Found
443784,,Not Found
445073,New York 1间卧室公寓,Not Found
445147,Upper Manhattan 1间卧室公寓,Not Found
445941,,Not Found
446411,Upper West Side 1间卧室公寓,Not Found
446452,Midtown East 2间卧室公寓,Not Found
446613,,Not Found
448434,Chinatown一室公寓公寓,Not Found
448541,,Not Found
448609,,Not Found
448957,Midtown East 1间美妙卧室公寓,Not Found
448960,Midtown East 1间高级卧室公寓,Not Found
448961,Midtown East 1间团体青睐卧室公寓,Not Found
449140,Williamsburg 1间卧室公寓,Not Found
449143,Midtown East 1间卧室公寓,Not Found
449493,Bronx 1间卧室独栋房屋,Not Found
449877,Glendale 5间受家庭青睐卧室独栋房屋,Not Found
450022,Midtown East 1间卧室公寓,Not Found
450292,Midtown East一室公寓公寓,Not Found
450296,Midtown East 1间舒适卧室公寓,Not Found
450299,Midtown East 2间卧室公寓,Not Found
450300,Glendale 4间绝佳卧室独栋房屋,Not Found
452636,New York 2间上佳卧室公寓,Not Found
452644,,Not Found
452716,Midtown East 1间便利卧室公寓,Not Found
452717,Midtown East 1间卧室公寓,Not Found
452718,Chinatown 1间卧室公寓,Not Found
452720,Chinatown 1间卧室公寓,Not Found
452721,Midtown East 1间卧室公寓,Not Found
452740,East Village 1间精品卧室公寓,Not Found
452809,,Not Found
