20717,难波间工作室公寓,3
208628,梅田 4间标致卧室独栋房屋,3
364534,梅田 1间玲珑卧室公寓,1
414329,天王寺 4间高级卧室独栋房屋,4
439249,大阪 1间设备齐全卧室公寓,7
439251,大阪 3间热情卧室公寓,6
439252,大阪 3间开阔卧室公寓,7
439253,天王寺 1间热情卧室公寓,6
439255,天王寺 1间迷人卧室公寓,6
439256,天王寺 1间浪漫卧室公寓,6
439257,天王寺 1间舒适卧室公寓,6
439260,天王寺 1间宜人卧室公寓,3
440700,大阪 2间迷人卧室公寓,7
440701,大阪 2间舒适卧室公寓,3
440705,大阪 4间上佳卧室公寓,7
441826,梅田 1间卧室公寓,3
444106,大阪 1间宜人卧室公寓,7
445726,大阪 1间卧室公寓,6
445735,心斋桥 1间卧室公寓,6
446052,大阪一室公寓公寓,7
448630,大阪 1间热情卧室公寓,4
448631,大阪 1间便捷卧室公寓,6
165868,Shikitsuhigashi间工作室公寓,Not Found
165869,Shikitsuhigashi 1间惬意卧室公寓,Not Found
206165,Shikitsuhigashi 3间设备齐全卧室公寓,Not Found
208629,梅田 3间卧室独栋房屋,Not Found
208736,Shikitsuhigashi 1间卧室公寓,Not Found
208737,Shikitsuhigashi 1间卧室公寓,Not Found
208738,Shikitsuhigashi 1间卧室公寓,Not Found
212003,Shimanouchi 1间赏心卧室公寓,Not Found
358633,梅田 1间迷人卧室公寓,Not Found
385672,Shimanouchi 2间卧室公寓,Not Found
408050,osaka castle tenmabashi apartment,Not Found
414331,Shimanouchi 1间绮丽卧室公寓,Not Found
430490,Comfort (To Osaka Sta. 15min)35C #2,Not Found
437366,Shimanouchi 2间便捷卧室公寓,Not Found
441832,"""Abeno",Not Found
441833,"""Abeno",Not Found
445661,Hiranonishi 1间卧室公寓,Not Found
445738,Hiranonishi 1间卧室公寓,Not Found
445740,Hiranonishi 2间卧室公寓,Not Found
445742,Hiranonishi 1间卧室公寓,Not Found
448555,心斋桥 1间旖旎卧室公寓,Not Found
448821,大阪 3间上佳卧室公寓,Not Found
449828,,Not Found
452764,Shimanouchi 1间舒适卧室公寓,Not Found
452784,心斋桥 2间温馨卧室公寓,Not Found
452787,Shimanouchi 1间热情卧室公寓,Not Found
452791,Shikitsuhigashi 1间惬意卧室公寓,Not Found
452793,Shimanouchi 1间迷人卧室公寓,Not Found
452794,Shimanouchi 1间旖旎卧室公寓,Not Found
452797,大阪 1间旖旎卧室公寓,Not Found
452799,Shimanouchi 1间卧室公寓,Not Found
