22578,Pattaya 1间卧室公寓,3
208627,Pattaya 3间绝佳卧室独栋房屋,5
231321,Pattaya 3间美妙卧室公寓,1
338691,Pattaya 3间标致卧室独栋房屋,7
386463,Pattaya 2间可爱卧室公寓,3
441407,Pattaya 2间绝佳卧室独栋房屋,4
16646,Pattaya间工作室公寓,Not Found
16883,Pattaya 1间精品卧室公寓,Not Found
18006,Pattaya间工作室公寓,Not Found
18193,Pattaya间工作室公寓,Not Found
20447,,Not Found
20449,,Not Found
22579,Pattaya 2间卧室公寓,Not Found
22580,Pattaya 2间标致卧室独栋房屋,Not Found
25969,Pattaya 1间无以比拟卧室公寓,Not Found
27743,Pattaya 4间绝佳卧室独栋房屋,Not Found
27748,Pattaya 4间惊艳卧室独栋房屋,Not Found
27750,Pattaya 2间美妙卧室独栋房屋,Not Found
28851,Pattaya间工作室公寓,Not Found
39966,Pattaya 2间光彩夺目卧室公寓,Not Found
40337,Pattaya间工作室公寓,Not Found
41375,Pattaya间工作室公寓,Not Found
42998,Pattaya间工作室公寓,Not Found
44035,Pattaya间工作室公寓,Not Found
54051,Pattaya间工作室公寓,Not Found
54518,Pattaya间工作室公寓,Not Found
55122,Pattaya间工作室公寓,Not Found
56318,Pattaya间工作室公寓,Not Found
58257,Pattaya间工作室公寓,Not Found
72903,Pattaya 3间瑰丽卧室独栋房屋,Not Found
73621,Pattaya 2间受家庭青睐卧室公寓,Not Found
100809,Pattaya 4间惊艳卧室独栋房屋,Not Found
101324,Pattaya 3间宽敞卧室独栋房屋,Not Found
101326,Pattaya 4间标致卧室独栋房屋,Not Found
101336,Pattaya 5间高级卧室独栋房屋,Not Found
102525,Pattaya 1间旖旎卧室酒店,Not Found
103690,Pattaya 1间绝佳卧室公寓,Not Found
103707,Pattaya 1间宽敞卧室公寓,Not Found
105296,Pattaya 3间卧室独栋房屋,Not Found
105619,,Not Found
105667,Pattaya 2间惊艳卧室公寓,Not Found
105669,Pattaya 3间标致卧室公寓,Not Found
105670,Pattaya 2间标致卧室公寓,Not Found
105671,Pattaya 3间绝佳卧室公寓,Not Found
105938,Pattaya间工作室公寓,Not Found
106008,Pattaya 1间玲珑卧室公寓,Not Found
106597,Pattaya 4间卧室独栋房屋,Not Found
106603,Pattaya 3间卧室独栋房屋,Not Found
106836,Pattaya 1间适宜卧室公寓,Not Found
129006,Pattaya间工作室公寓,Not Found
129009,Pattaya间工作室公寓,Not Found
133025,Pattaya 2间卧室公寓,Not Found
135124,Pattaya 1间惊艳卧室公寓,Not Found
137303,Pattaya间工作室公寓,Not Found
159057,Pattaya 4间开阔卧室独栋房屋,Not Found
159079,Pattaya 3间团体青睐卧室酒店,Not Found
159096,Pattaya 1间设备齐全卧室酒店,Not Found
161418,Pattaya 1间标致卧室公寓,Not Found
163487,Pattaya 1间宜人卧室公寓,Not Found
163708,Pattaya间工作室公寓,Not Found
165879,Pattaya间工作室公寓,Not Found
166215,Pattaya 2间瑰丽卧室公寓,Not Found
166692,Pattaya 5间浪漫卧室青年旅馆,Not Found
167929,Pattaya 5间卧室青年旅馆,Not Found
168924,Pattaya 1间热情卧室公寓,Not Found
168945,Pattaya 2间精品卧室公寓,Not Found
170981,Pattaya 1间玲珑卧室公寓,Not Found
187949,Pattaya 2间卧室公寓,Not Found
188331,Pattaya 1间绮丽卧室公寓,Not Found
202952,Pattaya 1间适宜卧室公寓,Not Found
205816,Pattaya 2间绝佳卧室公寓,Not Found
206240,Pattaya 2间惊艳卧室公寓,Not Found
237237,Pattaya 1间温馨卧室公寓,Not Found
238027,Pattaya 1间便捷卧室酒店,Not Found
238028,Pattaya 1间赏心卧室酒店,Not Found
238030,Pattaya 1间温馨卧室酒店,Not Found
238032,Pattaya 2间舒适卧室酒店,Not Found
239794,Pattaya 4间瑰丽卧室独栋房屋,Not Found
241816,Pattaya 1间浪漫卧室公寓,Not Found
242364,Pattaya 2间惊艳卧室公寓,Not Found
244448,Pattaya 2间卧室公寓,Not Found
244672,Pattaya 4间精品卧室独栋房屋,Not Found
244827,Pattaya 1间绮丽卧室公寓,Not Found
246167,Pattaya 4间绝佳卧室独栋房屋,Not Found
246871,Pattaya间工作室公寓,Not Found
248692,Pattaya间工作室公寓,Not Found
248693,Pattaya间工作室公寓,Not Found
250740,Pattaya 2间卧室公寓,Not Found
251341,Pattaya 10间惊艳卧室独栋房屋,Not Found
254586,Pattaya 2间美妙卧室公寓,Not Found
257428,Pattaya 1间热情卧室公寓,Not Found
257845,Pattaya间工作室公寓,Not Found
260382,Pattaya 3间卧室独栋房屋,Not Found
260384,Pattaya 3间卧室独栋房屋,Not Found
260398,Pattaya 3间卧室公寓,Not Found
260456,Pattaya 4间卧室独栋房屋,Not Found
260461,Pattaya 1间舒适卧室公寓,Not Found
261059,Pattaya间工作室公寓,Not Found
262422,Pattaya间工作室公寓,Not Found
262582,Pattaya 1间便捷卧室公寓,Not Found
263205,Pattaya 2间卧室公寓,Not Found
264295,Pattaya 4间惊艳卧室独栋房屋,Not Found
264299,Pattaya 2间设备齐全卧室公寓,Not Found
264895,Pattaya间工作室公寓,Not Found
265357,Pattaya 2间美妙卧室公寓,Not Found
334981,Pattaya间工作室酒店,Not Found
334991,Pattaya间工作室酒店,Not Found
335091,Pattaya 4间精品卧室独栋房屋,Not Found
340056,Pattaya 1间玲珑卧室公寓,Not Found
354815,Pattaya 1间玲珑卧室公寓,Not Found
357536,Pattaya 3间开阔卧室独栋房屋,Not Found
357537,Pattaya 4间标致卧室独栋房屋,Not Found
358339,Pattaya 5间卧室独栋房屋,Not Found
361549,Pattaya 1间上佳卧室独栋房屋,Not Found
364699,Pattaya间工作室公寓,Not Found
364705,Pattaya 1间绚丽夺目卧室公寓,Not Found
364708,Pattaya间工作室公寓,Not Found
364921,Pattaya间工作室公寓,Not Found
365008,Villa  Waree with pool (12 pers.),Not Found
365060,Pattaya 1间惊艳卧室公寓,Not Found
365101,Pattaya 5间瑰丽卧室独栋房屋,Not Found
365175,Luxury 5 star beach villa 6 beds,Not Found
365179,LUXURY 7 BEDROOM BEACH VILLA,Not Found
365184,Pattaya 5间宽敞卧室独栋房屋,Not Found
365187,Pattaya 5间绝佳卧室独栋房屋,Not Found
365255,Pattaya 2间惊艳卧室独栋房屋,Not Found
365256,Pattaya 2间宽敞卧室独栋房屋,Not Found
365327,Pattaya间工作室公寓,Not Found
369401,Pattaya 2间惊艳卧室公寓,Not Found
369552,Pattaya 3间开阔卧室公寓,Not Found
371176,Pattaya 3间受家庭青睐卧室独栋房屋,Not Found
386235,Pattaya 10间受家庭青睐卧室独栋房屋,Not Found
386597,Pattaya 1间安逸卧室公寓,Not Found
386796,Pattaya 4间开阔卧室独栋房屋,Not Found
387019,Pattaya间工作室独栋房屋,Not Found
387247,Luxury Studio. 5th floor,Not Found
387250,Luxury 1 Bedroom Apartments,Not Found
387259,Pattaya间工作室公寓,Not Found
387260,Luxury Studio with Frontal Sea View,Not Found
387311,Pattaya间工作室独栋房屋,Not Found
387312,Pattaya 1间绚丽夺目卧室公寓,Not Found
387317,Baggio间工作室独栋房屋,Not Found
387336,Pattaya 2间热情卧室独栋房屋,Not Found
387763,Pattaya 1间惊艳卧室公寓,Not Found
387767,Pattaya间工作室公寓,Not Found
387768,Pattaya间工作室公寓,Not Found
387770,Pattaya 3间瑰丽卧室公寓,Not Found
387771,Pattaya 2间绝妙卧室公寓,Not Found
387789,Pattaya 1间宜人卧室独栋房屋,Not Found
388380,Pattaya 1间可爱卧室公寓,Not Found
388381,Pattaya 1间迷人卧室公寓,Not Found
388382,Pattaya 1间旖旎卧室公寓,Not Found
388383,Pattaya 1间宽敞卧室公寓,Not Found
388434,Pattaya 2间绝佳卧室公寓,Not Found
388669,Pattaya 1间迷人卧室公寓,Not Found
388748,Pattaya 1间便利卧室公寓,Not Found
388850,Pattaya 4间完美卧室独栋房屋,Not Found
388886,Holiday 3bedroom condo in Pratumnak,Not Found
389095,Pattaya间工作室公寓,Not Found
405856,Pattaya 3间完美卧室独栋房屋,Not Found
406750,Pattaya 1间便捷卧室公寓,Not Found
407430,Pattaya 6间惊艳卧室独栋房屋,Not Found
407446,Pattaya 2间宽敞卧室独栋房屋,Not Found
407449,Pattaya 5间标致卧室独栋房屋,Not Found
407450,Pattaya 3间光彩夺目卧室独栋房屋,Not Found
407451,Pattaya 2间惊艳卧室独栋房屋,Not Found
407559,Pattaya 2间完美卧室独栋房屋,Not Found
407560,Pattaya 4间完美卧室独栋房屋,Not Found
407561,Pattaya 3间惊艳卧室独栋房屋,Not Found
407562,Pattaya 9间完美卧室独栋房屋,Not Found
407564,Pool Villa 7th Heaven,Not Found
407569,Pattaya 6间绝妙卧室独栋房屋,Not Found
407681,Pattaya 3间美妙卧室独栋房屋,Not Found
409278,Pattaya 3间惊艳卧室独栋房屋,Not Found
409493,,Not Found
409681,,Not Found
409734,Pattaya 1间可爱卧室独栋房屋,Not Found
409735,,Not Found
409776,,Not Found
409839,,Not Found
409843,,Not Found
409845,,Not Found
409851,Pattaya 1间便利卧室独栋房屋,Not Found
409863,Pattaya 1间惬意卧室公寓,Not Found
409929,,Not Found
410012,,Not Found
410015,,Not Found
410065,,Not Found
411235,Pattaya 5间精品卧室独栋房屋,Not Found
411237,Pattaya 2间惊艳卧室公寓,Not Found
411865,Pattaya 1间舒适卧室公寓,Not Found
411866,Pattaya 2间绝佳卧室公寓,Not Found
414042,Pattaya 1间迷人卧室公寓,Not Found
414547,Pattaya间工作室公寓,Not Found
415607,Pattaya 3间光彩夺目卧室独栋房屋,Not Found
417147,Pattaya 3间光彩夺目卧室独栋房屋,Not Found
417149,Pattaya 4间便利卧室独栋房屋,Not Found
417163,Pattaya 3间开阔卧室独栋房屋,Not Found
417167,Pattaya 1间惊艳卧室公寓,Not Found
417432,Pattaya 7间完美卧室独栋房屋,Not Found
417889,Pattaya 4间高级卧室独栋房屋,Not Found
417891,Pattaya间工作室公寓,Not Found
417954,2BR Super Luxury Beachfront 33 Fr.,Not Found
417964,Pattaya 2间卧室公寓,Not Found
419491,Beverly Thai House Pool Villa,Not Found
419621,Pattaya 4间开阔卧室独栋房屋,Not Found
420671,Pattaya 1间旖旎卧室公寓,Not Found
429503,Pattaya 1间安逸卧室公寓,Not Found
429504,Pattaya 1间舒适卧室公寓,Not Found
429505,Pattaya 1间旖旎卧室公寓,Not Found
429506,Pattaya 2间精品卧室公寓,Not Found
429507,Pattaya 5间开阔卧室公寓,Not Found
429508,Pattaya 1间温馨卧室公寓,Not Found
429509,Pattaya 1间便利卧室公寓,Not Found
429512,Pattaya 1间温馨卧室公寓,Not Found
429513,Pattaya 1间旖旎卧室公寓,Not Found
429515,Pattaya 1间惬意卧室公寓,Not Found
429517,Pattaya 1间赏心卧室公寓,Not Found
429519,Pattaya 1间旖旎卧室公寓,Not Found
429520,Pattaya 1间惬意卧室公寓,Not Found
429521,Pattaya 2间绮丽卧室公寓,Not Found
429532,Pattaya 1间玲珑卧室公寓,Not Found
429536,Pattaya 1间安逸卧室公寓,Not Found
429537,Pattaya 1间便利卧室公寓,Not Found
429538,Pattaya 1间安逸卧室公寓,Not Found
429539,Pattaya 1间赏心卧室公寓,Not Found
429541,Pattaya 1间迷人卧室公寓,Not Found
429542,Pattaya 1间浪漫卧室公寓,Not Found
429543,Pattaya 1间安逸卧室公寓,Not Found
429544,Pattaya 1间可爱卧室公寓,Not Found
429545,Pattaya 1间安逸卧室公寓,Not Found
429546,Pattaya 2间上佳卧室公寓,Not Found
429547,Pattaya 1间旖旎卧室公寓,Not Found
429548,Pattaya 1间温馨卧室公寓,Not Found
429549,Pattaya 1间惬意卧室公寓,Not Found
429550,Pattaya 1间舒适卧室公寓,Not Found
429551,Pattaya 1间无以比拟卧室公寓,Not Found
429552,Pattaya 2间宽敞卧室公寓,Not Found
429553,Pattaya 1间设备齐全卧室公寓,Not Found
429554,Pattaya 1间玲珑卧室公寓,Not Found
429555,Pattaya 1间可爱卧室公寓,Not Found
431884,Pattaya 4间精品卧室独栋房屋,Not Found
431885,Pattaya 2间绝佳卧室公寓,Not Found
434882,Pattaya 1间惬意卧室公寓,Not Found
434886,Pattaya 1间惬意卧室公寓,Not Found
437459,Pattaya一室公寓公寓,Not Found
437461,Pattaya 1间安逸卧室公寓,Not Found
437462,Pattaya 1间惬意卧室公寓,Not Found
437463,Pattaya 1间宜人卧室公寓,Not Found
437464,Pattaya 2间绝佳卧室公寓,Not Found
437465,Pattaya 1间赏心卧室公寓,Not Found
437466,Pattaya 1间可爱卧室公寓,Not Found
437467,Pattaya 1间舒适卧室公寓,Not Found
437468,Pattaya 1间便利卧室公寓,Not Found
438489,Pattaya 1间旖旎卧室公寓,Not Found
438490,Pattaya 1间温馨卧室公寓,Not Found
438491,Pattaya 1间便利卧室公寓,Not Found
438492,Pattaya 2间惊艳卧室公寓,Not Found
439281,Pattaya 1间温馨卧室公寓,Not Found
439905,Pattaya 1间惬意卧室公寓,Not Found
440591,Pattaya一室公寓公寓,Not Found
441405,Pattaya 2间团体青睐卧室独栋房屋,Not Found
441406,Pattaya 2间惊艳卧室独栋房屋,Not Found
441409,Pattaya 2间惊艳卧室独栋房屋,Not Found
441410,Pattaya 4间惊艳卧室独栋房屋,Not Found
441411,Pattaya 6间高级卧室独栋房屋,Not Found
441412,Pattaya 8间精品卧室独栋房屋,Not Found
441414,Pattaya 4间惊艳卧室独栋房屋,Not Found
441415,Pattaya 4间团体青睐卧室独栋房屋,Not Found
441416,Pattaya 8间瑰丽卧室独栋房屋,Not Found
441417,Pattaya 6间开阔卧室独栋房屋,Not Found
441418,Pattaya 4间惊艳卧室独栋房屋,Not Found
441419,Pattaya 2间精品卧室独栋房屋,Not Found
443045,Pattaya 4间惊艳卧室独栋房屋,Not Found
443546,Pattaya 1间安逸卧室公寓,Not Found
443568,Pattaya 1间宜人卧室公寓,Not Found
443569,Pattaya 1间宜人卧室公寓,Not Found
443571,Pattaya 1间宜人卧室公寓,Not Found
443589,Pattaya 5间标致卧室独栋房屋,Not Found
445501,Pattaya 3间卧室独栋房屋,Not Found
447938,Pattaya 1间赏心卧室公寓,Not Found
448283,Pattaya 1间宜人卧室公寓,Not Found
