28003,Choeng Thale 1间卧室独栋房屋,21
59661,Rawai 1间便捷卧室公寓,27
66489,Rawai 3间团体青睐卧室独栋房屋,23
105972,Surin Beach 6间卧室独栋房屋,21
110289,Yamu 1间团体青睐卧室独栋房屋,15
110291,Yamu 2间惊艳卧室独栋房屋,21
129495,Choeng Thale 3间卧室独栋房屋,14
131316,Cape Panwa 5间宽敞卧室独栋房屋,22
131318,Cape Panwa 4间绝妙卧室独栋房屋,26
131320,Cape Panwa 2间团体青睐卧室独栋房屋,24
131321,Cape Panwa 2间宽敞卧室独栋房屋,21
131382,Cape Panwa 1间标致卧室独栋房屋,16
131387,Cape Panwa 1间完美卧室独栋房屋,15
131397,Cape Panwa 1间宽敞卧室独栋房屋,19
133703,Rawai 3间开阔卧室独栋房屋,27
154504,Thalang 5间美妙卧室独栋房屋,18
163352,Ratsada 1间惬意卧室公寓,15
163465,Kathu 1间玲珑卧室公寓,23
165771,Ratsada 3间卧室独栋房屋,32
170938,Rawai 1间宜人卧室公寓,18
171260,Rawai 3间高级卧室独栋房屋,26
190056,Surin Beach 4间卧室独栋房屋,23
191459,Kata Beach 1间旖旎卧室公寓,27
191460,Kata Beach 1间便捷卧室公寓,42
191461,Kata Beach 1间热情卧室公寓,27
191462,Kata Beach 1间赏心卧室公寓,26
191463,Kata Beach 1间惬意卧室公寓,26
191466,Kata Beach 1间舒适卧室公寓,27
240206,Rawai 2间卧室独栋房屋,16
240208,Choeng Thale 5间完美卧室独栋房屋,24
242534,Yamu 5间宽敞卧室独栋房屋,35
242897,Thalang 7间宽敞卧室独栋房屋,18
245347,Surin Beach 5间开阔卧室独栋房屋,18
246035,Rawai 4间标致卧室独栋房屋,36
261609,Kata Beach 1间瑰丽卧室公寓,42
261622,Rawai 3间瑰丽卧室独栋房屋,26
261624,Chalong 1间热情卧室公寓,27
261627,Chalong 1间瑰丽卧室公寓,27
261629,Rawai 2间开阔卧室独栋房屋,27
262145,Rawai 3间受家庭青睐卧室独栋房屋,27
262146,Chalong 1间绚丽夺目卧室公寓,26
262148,Rawai 2间绝妙卧室独栋房屋,33
262149,Rawai 2间无以比拟卧室公寓,34
262150,Rawai 3间标致卧室独栋房屋,26
262151,Kata Beach 1间迷人卧室公寓,27
262152,Rawai 4间绝妙卧室独栋房屋,27
262156,Rawai 3间宽敞卧室独栋房屋,27
262157,Rawai 3间惊艳卧室独栋房屋,27
262162,Rawai 2间团体青睐卧室独栋房屋,26
262163,Rawai 3间精品卧室独栋房屋,32
262201,Surin Beach 3间开阔卧室独栋房屋,26
262203,Rawai 2间完美卧室独栋房屋,27
262205,Karon Beach 2间惊艳卧室公寓,26
263698,Rawai 2间迷人卧室公寓,27
263912,Rawai 2间绝佳卧室独栋房屋,39
265235,Rawai 3间绝妙卧室独栋房屋,27
342514,Chalong 3间光彩夺目卧室独栋房屋,32
348210,Choeng Thale 3间绝妙卧室独栋房屋,36
348287,Rawai 1间旖旎卧室公寓,27
361968,Rawai 2间光彩夺目卧室独栋房屋,26
365183,Thalang 3间惊艳卧室独栋房屋,16
368310,Cape Panwa 6间光彩夺目卧室独栋房屋,38
368314,Ratsada 3间光彩夺目卧室独栋房屋,15
370092,Rawai 7间绝佳卧室独栋房屋,39
370110,Rawai 9间完美卧室独栋房屋,35
407778,Kathu 4间卧室独栋房屋,23
410053,Rawai 2间热情卧室公寓,26
410055,Rawai 2间完美卧室公寓,27
419163,Cape Panwa 4间精品卧室独栋房屋,26
419190,Choeng Thale 6间标致卧室独栋房屋,23
419191,Rawai 4间精品卧室独栋房屋,34
419255,Rawai 6间绝佳卧室独栋房屋,16
419317,Rawai 9间开阔卧室独栋房屋,16
419387,Rawai 6间标致卧室独栋房屋,26
422099,Choeng Thale 2间精品卧室独栋房屋,19
422104,Yamu 6间完美卧室独栋房屋,16
422105,Yamu 5间绝妙卧室独栋房屋,13
422106,Yamu 4间精品卧室独栋房屋,25
422107,Yamu 5间受家庭青睐卧室独栋房屋,20
422109,Surin Beach 5间惊艳卧室独栋房屋,14
426425,Surin Beach 5间绝妙卧室独栋房屋,16
426544,Thalang 7间精品卧室独栋房屋,16
426548,Yamu 3间团体青睐卧室独栋房屋,15
426564,Yamu 5间惊艳卧室独栋房屋,22
426565,Yamu 4间标致卧室独栋房屋,16
427510,Cape Panwa一室公寓独栋房屋,25
428141,Surin Beach 4间高级卧室独栋房屋,25
430964,Rawai 4间美妙卧室独栋房屋,22
448435,Rawai 2间美妙卧室独栋房屋,21
7188,Kathu 3间卧室独栋房屋,Not Found
13867,,Not Found
13918,,Not Found
13919,,Not Found
13928,,Not Found
13932,,Not Found
13977,Rawai 2间瑰丽卧室独栋房屋,Not Found
14010,Thalang 2间卧室公寓,Not Found
14011,Thalang 2间卧室公寓,Not Found
14012,Thalang 3间卧室公寓,Not Found
14013,Thalang 3间卧室公寓,Not Found
14152,,Not Found
14153,,Not Found
14155,,Not Found
14325,Thalang 3间卧室公寓,Not Found
14326,Thalang 3间卧室公寓,Not Found
14327,Thalang 3间卧室公寓,Not Found
14328,Thalang 3间卧室公寓,Not Found
14330,Thalang 5间卧室公寓,Not Found
14331,Thalang 5间卧室公寓,Not Found
17901,"""Kamala Beach",Not Found
28002,Choeng Thale 1间安逸卧室独栋房屋,Not Found
28003,Choeng Thale 1间卧室独栋房屋,Not Found
28004,Choeng Thale 1间卧室独栋房屋,Not Found
28005,Choeng Thale 1间卧室独栋房屋,Not Found
28010,Choeng Thale 2间卧室独栋房屋,Not Found
37711,Kata Beach 4间美妙卧室独栋房屋,Not Found
37714,Kata Beach 4间惊艳卧室独栋房屋,Not Found
40043,,Not Found
40048,,Not Found
40049,,Not Found
40050,,Not Found
40051,,Not Found
43448,Thalang 2间卧室独栋房屋,Not Found
43449,Thalang 2间卧室独栋房屋,Not Found
43900,Choeng Thale 4间卧室独栋房屋,Not Found
48048,Patong Beach 1间玲珑卧室公寓,Not Found
48050,Patong Beach 1间可爱卧室公寓,Not Found
48054,Patong Beach 1间无以比拟卧室公寓,Not Found
48056,Patong Beach 1间惊艳卧室公寓,Not Found
48059,Patong Beach 2间迷人卧室公寓,Not Found
48062,Patong Beach 1间美妙卧室公寓,Not Found
48064,Patong Beach 2间绝佳卧室公寓,Not Found
48066,Patong Beach 2间光彩夺目卧室公寓,Not Found
48069,Patong Beach 3间美妙卧室公寓,Not Found
48333,,Not Found
49246,Thalang 2间标致卧室公寓,Not Found
53085,Patong Beach 1间卧室酒店,Not Found
53088,Patong Beach 1间卧室酒店,Not Found
57974,,Not Found
57976,,Not Found
61899,Surin Beach 5间卧室独栋房屋,Not Found
62419,Karon Beach 6间完美卧室独栋房屋,Not Found
63557,Patong Beach 1间卧室独栋房屋,Not Found
63563,Patong Beach 1间卧室独栋房屋,Not Found
63567,Patong Beach 1间卧室独栋房屋,Not Found
63572,Patong Beach 1间卧室独栋房屋,Not Found
73638,Karon Beach间工作室公寓,Not Found
73786,Kata Beach 8间迷人卧室住宿和早餐,Not Found
76293,Patong Beach 2间绝妙卧室公寓,Not Found
78192,Patong Beach 1间旖旎卧室酒店,Not Found
78196,Patong Beach 1间便利卧室酒店,Not Found
78198,Patong Beach 1间迷人卧室酒店,Not Found
100123,Kathu 1间惬意卧室酒店,Not Found
100129,Kathu 1间迷人卧室酒店,Not Found
100655,Thalang 1间开阔卧室独栋房屋,Not Found
101639,True Taste of Asia,Not Found
104457,Karon Beach间工作室公寓,Not Found
105972,Surin Beach 6间卧室独栋房屋,Not Found
105992,"""Kamala Beach",Not Found
106066,Choeng Thale 5间卧室独栋房屋,Not Found
108588,Ratsada 4间卧室独栋房屋,Not Found
108776,Kata Beach 6间完美卧室独栋房屋,Not Found
108870,Surin Beach 7间宽敞卧室独栋房屋,Not Found
108887,Surin Beach 6间光彩夺目卧室独栋房屋,Not Found
109204,Patong Beach 2间卧室独栋房屋,Not Found
109762,"""Kamala Beach",Not Found
110286,,Not Found
110287,,Not Found
122402,Surin Beach 6间完美卧室独栋房屋,Not Found
122410,"""Kamala Beach",Not Found
122428,"""Kamala Beach",Not Found
122429,"""Kamala Beach",Not Found
128904,Patong Beach 2间浪漫卧室酒店,Not Found
129479,Choeng Thale间工作室独栋房屋,Not Found
129480,Choeng Thale 1间卧室独栋房屋,Not Found
129487,Choeng Thale间工作室独栋房屋,Not Found
129490,Choeng Thale 1间卧室独栋房屋,Not Found
129495,Choeng Thale 3间卧室独栋房屋,Not Found
129803,,Not Found
129804,,Not Found
129807,Kata Beach 2间卧室独栋房屋,Not Found
129812,Kata Beach 1间卧室独栋房屋,Not Found
129818,,Not Found
129819,,Not Found
129820,,Not Found
129821,,Not Found
129823,,Not Found
129824,,Not Found
129826,,Not Found
129829,Kata Beach 1间卧室独栋房屋,Not Found
130096,Kata Beach 3间美妙卧室公寓,Not Found
131316,Cape Panwa 5间宽敞卧室独栋房屋,Not Found
131318,Cape Panwa 4间绝妙卧室独栋房屋,Not Found
131319,Cape Panwa 3间精品卧室独栋房屋,Not Found
131320,Cape Panwa 2间团体青睐卧室独栋房屋,Not Found
131321,Cape Panwa 2间宽敞卧室独栋房屋,Not Found
131385,Cape Panwa 1间精品卧室独栋房屋,Not Found
131387,Cape Panwa 1间完美卧室独栋房屋,Not Found
131397,Cape Panwa 1间宽敞卧室独栋房屋,Not Found
131680,Patong Beach 5间惊艳卧室独栋房屋,Not Found
131681,Patong Beach 1间便捷卧室公寓,Not Found
131683,Patong Beach 1间迷人卧室公寓,Not Found
131684,Patong Beach 2间热情卧室公寓,Not Found
131685,Patong Beach 2间美妙卧室公寓,Not Found
132531,Kathu 2间卧室酒店,Not Found
132900,Patong Beach 4间团体青睐卧室独栋房屋,Not Found
132903,Patong Beach 2间上佳卧室独栋房屋,Not Found
133078,Patong Beach间工作室公寓,Not Found
133455,Surin Beach 4间标致卧室独栋房屋,Not Found
133599,Cape Panwa 1间绚丽夺目卧室公寓,Not Found
133645,,Not Found
133690,Rawai 2间惊艳卧室公寓,Not Found
133955,Thalang 3间精品卧室公寓,Not Found
134133,Patong Beach 2间宽阔卧室公寓,Not Found
134737,,Not Found
134739,,Not Found
134740,,Not Found
134948,Choeng Thale 2间卧室独栋房屋,Not Found
134985,,Not Found
134987,,Not Found
135415,,Not Found
135422,,Not Found
135435,,Not Found
137181,Cape Panwa间工作室公寓,Not Found
137250,Patong Beach 2间标致卧室公寓,Not Found
148913,Chalong 3间卧室独栋房屋,Not Found
160909,Bangtao Beach 2间精品卧室独栋房屋,Not Found
162270,Chalong 3间标致卧室独栋房屋,Not Found
162582,Mai Khao 2间惊艳卧室独栋房屋,Not Found
163264,Cape Panwa 1间惊艳卧室公寓,Not Found
163268,Cape Panwa间工作室公寓,Not Found
163272,Cape Panwa间工作室公寓,Not Found
163278,Cape Panwa间工作室公寓,Not Found
163465,Kathu 1间玲珑卧室公寓,Not Found
164737,Thalang 2间标致卧室公寓,Not Found
165771,Ratsada 3间卧室独栋房屋,Not Found
167363,Thalang 4间卧室独栋房屋,Not Found
167932,New Finished Luxury & Stylish Condo,Not Found
169677,"""Kamala Beach",Not Found
170796,Rawai间工作室独栋房屋,Not Found
170938,Rawai 1间宜人卧室公寓,Not Found
178807,,Not Found
178882,,Not Found
178923,,Not Found
181249,,Not Found
181310,,Not Found
183962,,Not Found
183994,,Not Found
184043,,Not Found
188045,Patong Beach 7间卧室独栋房屋,Not Found
190138,Patong Beach间工作室公寓,Not Found
190167,Patong Beach间工作室公寓,Not Found
190208,Surin Beach 3间卧室公寓,Not Found
190211,Kata Beach 4间卧室独栋房屋,Not Found
190212,Bangtao Beach 4间卧室独栋房屋,Not Found
190215,Chalong 5间卧室独栋房屋,Not Found
190216,"""Kamala Beach",Not Found
190218,"""Kamala Beach",Not Found
190219,Surin Beach 6间卧室独栋房屋,Not Found
190220,"""Kamala Beach",Not Found
190221,"""Kamala Beach",Not Found
190222,"""Kamala Beach",Not Found
190225,Patong Beach间工作室公寓,Not Found
190229,Patong Beach间工作室公寓,Not Found
190243,Patong Beach 3间宜人卧室公寓,Not Found
190246,Patong Beach间工作室公寓,Not Found
190247,Patong Beach 2间美妙卧室公寓,Not Found
190253,Patong Beach间工作室公寓,Not Found
190256,Patong Beach 1间美妙卧室公寓,Not Found
191466,Kata Beach 1间舒适卧室公寓,Not Found
192280,Patong Beach 2间卧室独栋房屋,Not Found
203318,Patong Beach间工作室公寓,Not Found
211997,Patong Beach 3间开阔卧室独栋房屋,Not Found
231569,Choeng Thale 3间光彩夺目卧室独栋房屋,Not Found
239933,Patong Beach间工作室公寓,Not Found
240096,Patong Beach 2间绝佳卧室公寓,Not Found
240097,Patong Beach间工作室公寓,Not Found
240103,Patong Beach 3间高级卧室公寓,Not Found
240206,Rawai 2间卧室独栋房屋,Not Found
240208,Choeng Thale 5间完美卧室独栋房屋,Not Found
240990,Karon Beach 1间热情卧室公寓,Not Found
240992,Karon Beach 1间温馨卧室公寓,Not Found
241517,Patong Beach 4间精品卧室独栋房屋,Not Found
242887,Kathu 3间宽敞卧室独栋房屋,Not Found
242897,Thalang 7间宽敞卧室独栋房屋,Not Found
245347,Surin Beach 5间开阔卧室独栋房屋,Not Found
245734,Penthouse at Bang Tao Phuket,Not Found
246035,Rawai 4间标致卧室独栋房屋,Not Found
246049,Rawai 1间上佳卧室独栋房屋,Not Found
246585,Rawai 2间标致卧室独栋房屋,Not Found
247566,Thalang 2间绝佳卧室公寓,Not Found
248272,Rawai 1间卧室公寓,Not Found
248617,Kata Beach 2间便捷卧室公寓,Not Found
249736,Rawai 1间宽阔卧室独栋房屋,Not Found
249781,Chalong 3间卧室独栋房屋,Not Found
250028,Patong Beach 8间卧室酒店,Not Found
256915,"""Kamala Beach",Not Found
257096,Kathu 3间标致卧室独栋房屋,Not Found
259513,Kathu 2间适宜卧室公寓,Not Found
259650,Rawai 2间可爱卧室公寓,Not Found
259653,Rawai 2间可爱卧室公寓,Not Found
259738,Rawai 2间美妙卧室公寓,Not Found
259739,Rawai 2间绝佳卧室公寓,Not Found
259740,Rawai 1间瑰丽卧室公寓,Not Found
259742,Rawai 3间惊艳卧室公寓,Not Found
259743,Rawai 2间舒适卧室公寓,Not Found
259744,Rawai 2间惊艳卧室公寓,Not Found
261609,Kata Beach 1间瑰丽卧室公寓,Not Found
261622,Rawai 3间瑰丽卧室独栋房屋,Not Found
262146,Chalong 1间绚丽夺目卧室公寓,Not Found
262148,Rawai 2间绝妙卧室独栋房屋,Not Found
262151,Kata Beach 1间迷人卧室公寓,Not Found
262161,Rawai 3间瑰丽卧室独栋房屋,Not Found
262202,"""Kamala Beach",Not Found
262206,VILLA VANILLA,Not Found
263177,Thalang 2间标致卧室公寓,Not Found
264273,Patong Beach 1间浪漫卧室住宿和早餐,Not Found
264275,Patong Beach 1间便捷卧室住宿和早餐,Not Found
264290,Patong Beach 1间赏心卧室住宿和早餐,Not Found
264293,Patong Beach 2间上佳卧室住宿和早餐,Not Found
264296,Patong Beach 4间光彩夺目卧室住宿和早餐,Not Found
264754,Patong Beach 1间宜人卧室酒店,Not Found
264756,Patong Beach 1间温馨卧室酒店,Not Found
264757,Patong Beach 1间赏心卧室酒店,Not Found
264759,Patong Beach 1间旖旎卧室酒店,Not Found
264760,Patong Beach 1间可爱卧室酒店,Not Found
264761,Patong Beach 1间温馨卧室酒店,Not Found
264765,Patong Beach 1间友好卧室酒店,Not Found
265040,Patong Beach 3间高级卧室公寓,Not Found
265044,Patong Beach 2间绮丽卧室公寓,Not Found
265056,Patong Beach 2间宽敞卧室独栋房屋,Not Found
265138,Patong Beach 1间迷人卧室住宿和早餐,Not Found
265140,Rawai 1间绚丽夺目卧室公寓,Not Found
265190,Yamu 6间标致卧室独栋房屋,Not Found
265235,Rawai 3间绝妙卧室独栋房屋,Not Found
265710,Kathu 1间迷人卧室公寓,Not Found
317496,Patong Sea view private pool villa,Not Found
337694,Patong Beach 2间美妙卧室公寓,Not Found
344419,,Not Found
344422,,Not Found
347361,"""Kamala Beach",Not Found
348450,Villa Hoata,Not Found
350929,Patong Beach 1间旖旎卧室酒店,Not Found
350933,Patong Beach 1间玲珑卧室酒店,Not Found
351422,Patong Beach 1间便利卧室酒店,Not Found
351424,Patong Beach 1间惬意卧室酒店,Not Found
351425,Patong Beach 1间热情卧室酒店,Not Found
351426,Patong Beach 1间玲珑卧室酒店,Not Found
351427,Patong Beach 4间旖旎卧室酒店,Not Found
351429,Patong Beach 2间宽阔卧室酒店,Not Found
351509,Patong Beach 2间宽敞卧室酒店,Not Found
353440,THE LAGO 05,Not Found
353448,VILLA IKAROA,Not Found
353584,Rawai间工作室公寓,Not Found
354811,Rawai 2间瑰丽卧室独栋房屋,Not Found
357544,Patong Beach 1间宜人卧室酒店,Not Found
357628,"""Kamala Beach",Not Found
357637,"""Kamala Beach",Not Found
357640,"""Kamala Beach",Not Found
357641,"""Kamala Beach",Not Found
357642,"""Kamala Beach",Not Found
357643,"""Kamala Beach",Not Found
357644,"""Kamala Beach",Not Found
357645,"""Kamala Beach",Not Found
361852,THE LAGO 1BR,Not Found
361855,VILLA KOWHAI,Not Found
361931,VILLA AROHA,Not Found
361948,VILLA HAEATA,Not Found
361951,VILLA PAIKEA,Not Found
361981,VILLA KAHERU,Not Found
361989,THE LAGO 48 by Tropiclook,Not Found
365174,Kata Beach 2间标致卧室公寓,Not Found
365176,Bangtao Beach 1 Bed Luxury Condo,Not Found
365177,Bangtao Beach 1间瑰丽卧室公寓,Not Found
365178,Karon Beach Seaview Condo,Not Found
365180,Kata Beach 1间绝佳卧室公寓,Not Found
365181,Thalang 3间绝妙卧室公寓,Not Found
365182,Bangtao Beach 5间标致卧室独栋房屋,Not Found
365183,Thalang 3间惊艳卧室独栋房屋,Not Found
365185,Surin Beach 5间美妙卧室独栋房屋,Not Found
365186,Thalang 4间卧室独栋房屋,Not Found
365191,Bangtao Beach 4间美妙卧室独栋房屋,Not Found
365192,Karon Beach 2间完美卧室公寓,Not Found
365193,Bangtao Beach 2间受家庭青睐卧室公寓,Not Found
365194,Karon Beach 2间瑰丽卧室公寓,Not Found
365195,Karon Beach 1间完美卧室公寓,Not Found
365363,"""Kamala Beach",Not Found
365561,Choeng Thale 3间精品卧室独栋房屋,Not Found
365644,Chalong 5间开阔卧室独栋房屋,Not Found
365758,Patong Beach 1间赏心卧室酒店,Not Found
365761,Patong Beach 1间旖旎卧室酒店,Not Found
365765,Patong Beach 4间瑰丽卧室酒店,Not Found
368310,Cape Panwa 6间光彩夺目卧室独栋房屋,Not Found
368311,Cape Panwa 10间标致卧室独栋房屋,Not Found
368314,Ratsada 3间光彩夺目卧室独栋房屋,Not Found
368338,Patong Beach 4间精品卧室酒店,Not Found
368341,Patong Beach 1间宜人卧室酒店,Not Found
368410,Patong Beach 1间便捷卧室酒店,Not Found
368413,Patong Beach 1间宜人卧室酒店,Not Found
368416,Patong Beach 2间绝佳卧室酒店,Not Found
368417,Patong Beach间工作室酒店,Not Found
368418,Patong Beach间工作室酒店,Not Found
368420,Patong Beach间工作室酒店,Not Found
368568,Rawai 4间完美卧室独栋房屋,Not Found
369009,Rawai 3间绝佳卧室独栋房屋,Not Found
369010,Rawai 2间高级卧室独栋房屋,Not Found
369012,Rawai 2间卧室独栋房屋,Not Found
369049,Karon Beach 1间惊艳卧室公寓,Not Found
369195,Choeng Thale 1间卧室独栋房屋,Not Found
369778,Thalang 7间卧室独栋房屋,Not Found
369780,La Colline 5 Bedroom,Not Found
369783,La Colline Villa 5,Not Found
369784,Thalang 4间卧室独栋房屋,Not Found
370002,VILLA EMAUHA,Not Found
370003,VILLA EMIEMI,Not Found
370004,Rawai 3间绝妙卧室独栋房屋,Not Found
370091,Rawai 7间惊艳卧室独栋房屋,Not Found
370092,Rawai 7间绝佳卧室独栋房屋,Not Found
370093,Rawai 4间惊艳卧室独栋房屋,Not Found
370095,Rawai 7间标致卧室独栋房屋,Not Found
370096,Rawai 7间宽敞卧室独栋房屋,Not Found
370097,Rawai 4间宽敞卧室独栋房屋,Not Found
370098,Rawai 4间惊艳卧室独栋房屋,Not Found
370099,Rawai 5间光彩夺目卧室独栋房屋,Not Found
370101,Rawai 6间绝妙卧室独栋房屋,Not Found
370102,Rawai 7间受家庭青睐卧室独栋房屋,Not Found
370104,Rawai 3间绝妙卧室独栋房屋,Not Found
370105,Rawai 4间宽敞卧室独栋房屋,Not Found
370106,Rawai 5间标致卧室独栋房屋,Not Found
370107,Rawai 7间标致卧室独栋房屋,Not Found
370109,Rawai 8间瑰丽卧室独栋房屋,Not Found
370110,Rawai 9间完美卧室独栋房屋,Not Found
370112,Rawai 5间受家庭青睐卧室独栋房屋,Not Found
370113,Rawai 5间完美卧室独栋房屋,Not Found
370115,Rawai 3间瑰丽卧室独栋房屋,Not Found
371206,Karon Beach 3间完美卧室独栋房屋,Not Found
371208,Karon Beach 3间标致卧室独栋房屋,Not Found
371220,Karon Beach 6间完美卧室独栋房屋,Not Found
385463,Kamala 35A 3 bdrm priv. pool,Not Found
386730,Kata Beach 4间绝妙卧室独栋房屋,Not Found
387335,Karon Beach 1间便利卧室公寓,Not Found
387558,Karon Beach间工作室公寓,Not Found
387568,Rawai 5间精品卧室独栋房屋,Not Found
387764,Patong Beach间工作室公寓,Not Found
387769,Karon Beach间工作室公寓,Not Found
387775,Karon Beach间工作室公寓,Not Found
387796,Kathu 1间温馨卧室住宿和早餐,Not Found
387818,Patong Beach 1间热情卧室公寓,Not Found
387869,Kathu 1间便利卧室公寓,Not Found
388265,Patong Beach 1间玲珑卧室公寓,Not Found
388270,Cape Panwa 1间上佳卧室公寓,Not Found
388303,Patong Beach 1间赏心卧室公寓,Not Found
388330,Cape Panwa间工作室公寓,Not Found
388564,Rawai 1间浪漫卧室公寓,Not Found
388579,Cape Panwa间工作室公寓,Not Found
388668,Cape Panwa间工作室公寓,Not Found
388720,Cape Panwa间工作室公寓,Not Found
389014,Rawai 1间便利卧室公寓,Not Found
389321,Cape Panwa间工作室独栋房屋,Not Found
389451,Karon Beach 1间可爱卧室公寓,Not Found
389452,Karon Beach 1间赏心卧室公寓,Not Found
406894,Rawai 3间卧室独栋房屋,Not Found
406902,Rawai 2间卧室独栋房屋,Not Found
406904,Rawai 2间卧室独栋房屋,Not Found
407778,Kathu 4间卧室独栋房屋,Not Found
410049,Rawai 3间绝妙卧室独栋房屋,Not Found
410050,VILLA HINEHOU,Not Found
410051,VILLA HIRI,Not Found
410052,Rawai 2间开阔卧室公寓,Not Found
410055,Rawai 2间完美卧室公寓,Not Found
410571,Rawai 5间卧室独栋房屋,Not Found
411651,Choeng Thale 2间开阔卧室独栋房屋,Not Found
414321,VILLA TANTAWAN II 1BR,Not Found
414322,Surin Beach 3间惊艳卧室独栋房屋,Not Found
414323,VILLA IRITANA,Not Found
415609,Karon Beach 1间旖旎卧室酒店,Not Found
415746,Phuket 3间高级卧室独栋房屋,Not Found
417812,Patong Beach 1间开阔卧室公寓,Not Found
418060,Svea & Haris Loch Palm  Villa,Not Found
418156,Villa Niche,Not Found
418157,1间卧室公寓,Not Found
419141,Phuket 4间惊艳卧室独栋房屋,Not Found
419144,Phuket 7间惊艳卧室独栋房屋,Not Found
419145,Rawai 5间美妙卧室独栋房屋,Not Found
419146,Phuket 5间精品卧室独栋房屋,Not Found
419148,Rawai 2间标致卧室独栋房屋,Not Found
419149,Rawai 4间受家庭青睐卧室独栋房屋,Not Found
419150,Phuket 5间标致卧室独栋房屋,Not Found
419151,Phuket 2间美妙卧室独栋房屋,Not Found
419159,Phuket 3间绝妙卧室独栋房屋,Not Found
419160,Phuket 5间标致卧室独栋房屋,Not Found
419161,Phuket 3间宽敞卧室独栋房屋,Not Found
419162,Phuket 2间瑰丽卧室公寓,Not Found
419163,Cape Panwa 4间精品卧室独栋房屋,Not Found
419164,Bangtao Beach 3间光彩夺目卧室独栋房屋,Not Found
419165,Phuket 3间宽敞卧室独栋房屋,Not Found
419166,Phuket 1间便利卧室公寓,Not Found
419167,Rawai 2间惬意卧室公寓,Not Found
419168,Phuket 5间精品卧室独栋房屋,Not Found
419169,Rawai 7间惊艳卧室独栋房屋,Not Found
419170,Rawai 5间惊艳卧室独栋房屋,Not Found
419171,Kata Beach 2间宽阔卧室公寓,Not Found
419172,Phuket 3间标致卧室独栋房屋,Not Found
419173,Phuket 7间绝佳卧室独栋房屋,Not Found
419174,Phuket 4间标致卧室独栋房屋,Not Found
419175,Phuket 8间受家庭青睐卧室独栋房屋,Not Found
419176,Phuket 3间绝妙卧室独栋房屋,Not Found
419177,Phuket 4间高级卧室独栋房屋,Not Found
419178,Phuket 2间标致卧室独栋房屋,Not Found
419179,Choeng Thale 3间高级卧室独栋房屋,Not Found
419180,Phuket 4间惊艳卧室独栋房屋,Not Found
419181,Phuket 3间瑰丽卧室独栋房屋,Not Found
419182,Phuket 4间高级卧室独栋房屋,Not Found
419183,Phuket 4间标致卧室独栋房屋,Not Found
419184,Phuket 9间精品卧室独栋房屋,Not Found
419185,Phuket 3间高级卧室独栋房屋,Not Found
419186,Bangtao Beach 2间完美卧室独栋房屋,Not Found
419187,Patong Beach 7间精品卧室独栋房屋,Not Found
419188,Phuket 3间惊艳卧室独栋房屋,Not Found
419190,Choeng Thale 6间标致卧室独栋房屋,Not Found
419193,Patong Beach 3间精品卧室独栋房屋,Not Found
419194,Phuket 2间精品卧室公寓,Not Found
419195,Surin Beach 4间开阔卧室独栋房屋,Not Found
419196,Bangtao Beach 3间美妙卧室独栋房屋,Not Found
419197,Chalong 3间美妙卧室独栋房屋,Not Found
419202,Rawai 8间惊艳卧室独栋房屋,Not Found
419207,Rawai 2间瑰丽卧室独栋房屋,Not Found
419208,Rawai 3间美妙卧室独栋房屋,Not Found
419211,Rawai 1间宽敞卧室公寓,Not Found
419212,Rawai 4间开阔卧室独栋房屋,Not Found
419213,Phuket 6间团体青睐卧室独栋房屋,Not Found
419214,Phuket 9间绝妙卧室独栋房屋,Not Found
419215,Rawai 4间受家庭青睐卧室独栋房屋,Not Found
419216,Rawai 2间精品卧室独栋房屋,Not Found
419217,Phuket 6间受家庭青睐卧室独栋房屋,Not Found
419218,Phuket 5间瑰丽卧室独栋房屋,Not Found
419219,Phuket 7间标致卧室独栋房屋,Not Found
419220,Phuket 4间美妙卧室独栋房屋,Not Found
419221,Rawai 4间绝佳卧室独栋房屋,Not Found
419230,Rawai 3间瑰丽卧室独栋房屋,Not Found
419231,Phuket 5间绝妙卧室独栋房屋,Not Found
419240,Phuket 3间精品卧室独栋房屋,Not Found
419241,Phuket 3间受家庭青睐卧室独栋房屋,Not Found
419242,Phuket 8间精品卧室独栋房屋,Not Found
419243,Phuket 3间开阔卧室独栋房屋,Not Found
419244,Patong Beach 5间精品卧室独栋房屋,Not Found
419245,Rawai 2间高级卧室公寓,Not Found
419246,Phuket 6间受家庭青睐卧室独栋房屋,Not Found
419247,Rawai 3间完美卧室独栋房屋,Not Found
419248,Cape Panwa 3间惊艳卧室独栋房屋,Not Found
419249,Phuket 3间宽敞卧室独栋房屋,Not Found
419250,Phuket 4间标致卧室独栋房屋,Not Found
419251,Phuket 5间光彩夺目卧室独栋房屋,Not Found
419252,Rawai 1间上佳卧室独栋房屋,Not Found
419253,Rawai 2间精品卧室独栋房屋,Not Found
419254,Rawai 2间受家庭青睐卧室公寓,Not Found
419255,Rawai 6间绝佳卧室独栋房屋,Not Found
419256,Phuket 3间受家庭青睐卧室独栋房屋,Not Found
419257,Phuket 3间宽敞卧室独栋房屋,Not Found
419258,Phuket 3间受家庭青睐卧室独栋房屋,Not Found
419260,Phuket 3间团体青睐卧室独栋房屋,Not Found
419263,Rawai 4间开阔卧室独栋房屋,Not Found
419265,Rawai 3间绝佳卧室独栋房屋,Not Found
419266,Rawai 3间完美卧室独栋房屋,Not Found
419267,Kathu 4间惊艳卧室独栋房屋,Not Found
419269,Rawai 3间瑰丽卧室独栋房屋,Not Found
419270,Surin Beach 3间高级卧室独栋房屋,Not Found
419271,Surin Beach 1间宽阔卧室独栋房屋,Not Found
419272,Rawai 2间精品卧室独栋房屋,Not Found
419273,Kathu 3间惊艳卧室独栋房屋,Not Found
419275,Phuket 3间标致卧室独栋房屋,Not Found
419276,Choeng Thale 1间友好卧室公寓,Not Found
419278,Phuket 2间绝妙卧室独栋房屋,Not Found
419279,Rawai 3间瑰丽卧室独栋房屋,Not Found
419281,Rawai 3间绝佳卧室独栋房屋,Not Found
419282,Rawai 2间绝妙卧室独栋房屋,Not Found
419284,Rawai 3间绝妙卧室独栋房屋,Not Found
419288,Rawai 2间精品卧室独栋房屋,Not Found
419296,Rawai 3间绝妙卧室独栋房屋,Not Found
419306,Rawai 4间绝佳卧室独栋房屋,Not Found
419309,Choeng Thale 3间团体青睐卧室独栋房屋,Not Found
419310,Rawai 2间瑰丽卧室独栋房屋,Not Found
419311,Rawai 4间标致卧室独栋房屋,Not Found
419312,Rawai 2间精品卧室独栋房屋,Not Found
419313,Rawai 2间标致卧室独栋房屋,Not Found
419317,Rawai 9间开阔卧室独栋房屋,Not Found
419319,Rawai 2间精品卧室独栋房屋,Not Found
419321,Karon Beach 2间宽敞卧室公寓,Not Found
419322,Patong Beach 1间赏心卧室公寓,Not Found
419323,Kata Beach 3间惊艳卧室独栋房屋,Not Found
419324,Kata Beach 2间标致卧室独栋房屋,Not Found
419325,Phuket 3间精品卧室独栋房屋,Not Found
419326,Phuket 2间高级卧室独栋房屋,Not Found
419327,Surin Beach 2间精品卧室公寓,Not Found
419328,Patong Beach 4间精品卧室独栋房屋,Not Found
419329,Rawai 8间宽敞卧室独栋房屋,Not Found
419330,Chalong 2间宽敞卧室独栋房屋,Not Found
419331,Kata Beach 2间完美卧室独栋房屋,Not Found
419332,Kata Beach 2间团体青睐卧室独栋房屋,Not Found
419333,Phuket 6间瑰丽卧室独栋房屋,Not Found
419334,Phuket 5间绝妙卧室独栋房屋,Not Found
419335,Surin Beach 8间精品卧室独栋房屋,Not Found
419336,Karon Beach 6间美妙卧室独栋房屋,Not Found
419337,Karon Beach 5间开阔卧室独栋房屋,Not Found
419338,Phuket 2间标致卧室独栋房屋,Not Found
419339,Patong Beach 4间宽敞卧室独栋房屋,Not Found
419340,Patong Beach 2间惊艳卧室独栋房屋,Not Found
419341,Phuket 6间瑰丽卧室独栋房屋,Not Found
419342,Phuket 4间宽敞卧室独栋房屋,Not Found
419344,Phuket 2间宽敞卧室独栋房屋,Not Found
419345,Phuket 5间标致卧室独栋房屋,Not Found
419346,Phuket 2间绝佳卧室独栋房屋,Not Found
419347,Phuket 4间标致卧室独栋房屋,Not Found
419348,Phuket 5间瑰丽卧室独栋房屋,Not Found
419349,Bangtao Beach 4间绝佳卧室独栋房屋,Not Found
419350,Thalang 3间完美卧室公寓,Not Found
419351,Phuket 3间开阔卧室独栋房屋,Not Found
419353,Phuket 5间标致卧室独栋房屋,Not Found
419356,Bangtao Beach 2间惊艳卧室公寓,Not Found
419359,Bangtao Beach 5间光彩夺目卧室独栋房屋,Not Found
419360,Bangtao Beach 2间美妙卧室独栋房屋,Not Found
419361,Phuket 2间精品卧室独栋房屋,Not Found
419362,Phuket 4间宽敞卧室独栋房屋,Not Found
419365,Phuket 4间高级卧室独栋房屋,Not Found
419367,Phuket 5间惊艳卧室独栋房屋,Not Found
419369,Phuket 2间光彩夺目卧室独栋房屋,Not Found
419372,Phuket 7间宽敞卧室独栋房屋,Not Found
419374,Phuket 5间精品卧室独栋房屋,Not Found
419377,Chalong 3间精品卧室独栋房屋,Not Found
419380,Kata Beach 3间精品卧室独栋房屋,Not Found
419381,Phuket 3间标致卧室独栋房屋,Not Found
419383,Rawai 4间标致卧室独栋房屋,Not Found
419384,Phuket 4间精品卧室独栋房屋,Not Found
419385,Choeng Thale 2间团体青睐卧室公寓,Not Found
419386,Phuket 5间惊艳卧室独栋房屋,Not Found
419387,Rawai 6间标致卧室独栋房屋,Not Found
419388,Phuket 6间精品卧室独栋房屋,Not Found
419389,Phuket 8间绝佳卧室独栋房屋,Not Found
419390,Patong Beach 2间开阔卧室公寓,Not Found
419391,Phuket 3间精品卧室独栋房屋,Not Found
419392,Bangtao Beach 3间完美卧室独栋房屋,Not Found
419393,Phuket 4间完美卧室独栋房屋,Not Found
419394,Bangtao Beach 3间标致卧室独栋房屋,Not Found
419395,Kata Beach 2间惊艳卧室独栋房屋,Not Found
419397,Phuket 5间惊艳卧室独栋房屋,Not Found
419398,Phuket 2间受家庭青睐卧室独栋房屋,Not Found
419399,Phuket 3间标致卧室独栋房屋,Not Found
419400,Phuket 4间绝妙卧室独栋房屋,Not Found
419401,Phuket 7间精品卧室独栋房屋,Not Found
419403,Phuket 8间美妙卧室独栋房屋,Not Found
419404,Phuket 6间绝妙卧室独栋房屋,Not Found
420093,Phuket 4间团体青睐卧室独栋房屋,Not Found
420094,Patong Beach 2间绝妙卧室独栋房屋,Not Found
420099,Patong Beach 11间标致卧室独栋房屋,Not Found
421501,Thalang 3间受家庭青睐卧室独栋房屋,Not Found
422093,Surin Beach 2间开阔卧室独栋房屋,Not Found
422094,Surin Beach 3间美妙卧室独栋房屋,Not Found
422095,Surin Beach 1间瑰丽卧室独栋房屋,Not Found
422096,Surin Beach 3间惊艳卧室独栋房屋,Not Found
422097,Surin Beach 1间精品卧室独栋房屋,Not Found
422098,Choeng Thale 4间精品卧室独栋房屋,Not Found
422100,Rawai 5间绝妙卧室独栋房屋,Not Found
422101,Surin Beach 3间完美卧室独栋房屋,Not Found
422102,Surin Beach 2间宽敞卧室独栋房屋,Not Found
422103,Karon Beach 3间宽敞卧室独栋房屋,Not Found
422108,Yamu 4间惊艳卧室独栋房屋,Not Found
422109,Surin Beach 5间惊艳卧室独栋房屋,Not Found
422110,Surin Beach 4间精品卧室独栋房屋,Not Found
422111,Surin Beach 3间惊艳卧室独栋房屋,Not Found
426425,Surin Beach 5间绝妙卧室独栋房屋,Not Found
426427,Patong Beach 3间完美卧室独栋房屋,Not Found
426429,Yamu 3间惊艳卧室独栋房屋,Not Found
426433,Kyerra Villa - Luxury 4 BDR & Pool!,Not Found
426544,Thalang 7间精品卧室独栋房屋,Not Found
426545,Thalang 6间开阔卧室独栋房屋,Not Found
426546,Thalang 5间开阔卧室独栋房屋,Not Found
426547,Thalang 4间美妙卧室独栋房屋,Not Found
426563,Thalang 3间美妙卧室独栋房屋,Not Found
426835,Patong Beach 1间浪漫卧室公寓,Not Found
427510,Cape Panwa一室公寓独栋房屋,Not Found
427917,Studio at AO Yon beach #2,Not Found
428141,Surin Beach 4间高级卧室独栋房屋,Not Found
428142,Phuket 3间精品卧室独栋房屋,Not Found
428143,Rawai 6间标致卧室独栋房屋,Not Found
429143,Rawai 3间美妙卧室独栋房屋,Not Found
429234,Kathu一室公寓公寓,Not Found
430513,Phuket 2间适宜卧室公寓,Not Found
430515,Nai Harn Beach 2 Bed Pool Villa,Not Found
430516,Nai Harn Beach 3 Bed Pool Villa,Not Found
430517,Layan Beach Villa 2 Bed with Pool,Not Found
430519,Layan Beach Villa 3 Bed with Pool,Not Found
430520,Layan Beach Villa 4 Bed with Pool,Not Found
430526,Patong Bay Serviced Apartments,Not Found
430536,Layan Beach New 2 Bed Pool Villa,Not Found
430538,Layan Beach New 3 Bed Pool Villa,Not Found
430541,Modern Chic Phuket 1Bed Pool Villa,Not Found
430543,Modern Chic Phuket 2Bed Pool Villa,Not Found
430963,Rawai 3间完美卧室独栋房屋,Not Found
430964,Rawai 4间美妙卧室独栋房屋,Not Found
430965,Rawai 4间瑰丽卧室独栋房屋,Not Found
431159,Studio. Walking distance to Karon.,Not Found
431192,1 Bed Patong Apartment,Not Found
431193,Patong 1 Bed Serviced Apartment,Not Found
431194,Patong 1 Bed Superior Room,Not Found
431858,Studio. Walking distance to Karon. #2,Not Found
432924,Rawai 2间卧室公寓,Not Found
432935,Rawai 3间卧室独栋房屋,Not Found
433381,Phuket 3间设备齐全卧室独栋房屋,Not Found
433383,Phuket 1间可爱卧室独栋房屋,Not Found
433384,,Not Found
433385,Phuket 2间团体青睐卧室公寓,Not Found
433386,Phuket 1间卧室公寓,Not Found
433388,Phuket一室公寓公寓,Not Found
433471,Phuket 3间受家庭青睐卧室独栋房屋,Not Found
433473,Phuket 2间精品卧室独栋房屋,Not Found
433475,Phuket 2间团体青睐卧室独栋房屋,Not Found
433521,Phuket 1间光彩夺目卧室独栋房屋,Not Found
433747,Phuket 1间瑰丽卧室独栋房屋,Not Found
433877,Phuket 2间惊艳卧室独栋房屋,Not Found
434657,Phuket 3间光彩夺目卧室独栋房屋,Not Found
434791,Phuket 2间瑰丽卧室独栋房屋,Not Found
434792,Phuket 2间精品卧室独栋房屋,Not Found
434814,Phuket 2间标致卧室独栋房屋,Not Found
434815,Phuket 2间惊艳卧室独栋房屋,Not Found
434816,Phuket 3间开阔卧室独栋房屋,Not Found
434817,Phuket 4间绝佳卧室独栋房屋,Not Found
434818,Phuket 2间宽敞卧室公寓,Not Found
434828,Phuket 2间瑰丽卧室独栋房屋,Not Found
434833,Phuket 3间精品卧室独栋房屋,Not Found
434857,Phuket 4间惊艳卧室独栋房屋,Not Found
434866,Phuket 3间完美卧室独栋房屋,Not Found
434868,Phuket 2间绝妙卧室独栋房屋,Not Found
434895,Phuket 3间绝妙卧室独栋房屋,Not Found
434931,Phuket 3间团体青睐卧室独栋房屋,Not Found
434933,Phuket 2间美妙卧室独栋房屋,Not Found
434935,Phuket 1间开阔卧室独栋房屋,Not Found
434947,,Not Found
434966,Phuket 3间卧室独栋房屋,Not Found
435021,Phuket 4间高级卧室独栋房屋,Not Found
435022,Phuket 4间光彩夺目卧室独栋房屋,Not Found
435024,Phuket 1间宜人卧室公寓,Not Found
435025,Phuket 1间宽阔卧室公寓,Not Found
435027,Phuket 2间绚丽夺目卧室公寓,Not Found
435028,Phuket 1间设备齐全卧室公寓,Not Found
436143,Surin Beach 2间标致卧室独栋房屋,Not Found
436552,Patong Beach 2间卧室公寓,Not Found
437390,,Not Found
437391,,Not Found
437392,,Not Found
437393,,Not Found
439640,Yamu 3间瑰丽卧室独栋房屋,Not Found
439641,Yamu 3间卧室独栋房屋,Not Found
439642,Phuket 2间团体青睐卧室独栋房屋,Not Found
439978,Patong Beach 1间便捷卧室公寓,Not Found
439990,Patong Beach 1间绝佳卧室独栋房屋,Not Found
440004,Bangtao Beach 3间瑰丽卧室独栋房屋,Not Found
440010,"""Kamala Beach",Not Found
440011,"""Kamala Beach",Not Found
440012,Patong Beach 1间无以比拟卧室公寓,Not Found
440020,Patong Beach 3间绝妙卧室独栋房屋,Not Found
440028,Patong Beach 1间可爱卧室公寓,Not Found
440035,Patong Beach 1间开阔卧室公寓,Not Found
440057,Patong Beach一室公寓公寓,Not Found
440602,Phuket 4间标致卧室独栋房屋,Not Found
440603,Phuket一室公寓公寓,Not Found
440604,Phuket一室公寓公寓,Not Found
441382,,Not Found
441383,,Not Found
441766,Phuket 4间宽敞卧室公寓,Not Found
443440,Phuket 3间受家庭青睐卧室公寓,Not Found
443579,Phuket 6间卧室独栋房屋,Not Found
443585,Phuket 3间美妙卧室独栋房屋,Not Found
443663,Phuket 6间光彩夺目卧室独栋房屋,Not Found
443665,Phuket 4间绝妙卧室独栋房屋,Not Found
443666,Phuket 4间绝佳卧室独栋房屋,Not Found
443668,Phuket 4间标致卧室独栋房屋,Not Found
443669,Phuket 4间卧室独栋房屋,Not Found
443677,Phuket 2间卧室独栋房屋,Not Found
443679,Phuket 2间卧室独栋房屋,Not Found
443682,Phuket 2间卧室独栋房屋,Not Found
443685,Phuket 2间卧室独栋房屋,Not Found
444898,Surin Beach 1间便利卧室独栋房屋,Not Found
445986,Karon Beach 1间美妙卧室公寓,Not Found
448246,Phuket 3间宽敞卧室独栋房屋,Not Found
448435,Rawai 2间美妙卧室独栋房屋,Not Found
448436,Phuket 2间卧室独栋房屋,Not Found
448437,Phuket 2间美妙卧室独栋房屋,Not Found
448438,Phuket 2间卧室独栋房屋,Not Found
448439,Phuket 1间受家庭青睐卧室独栋房屋,Not Found
448441,Phuket 2间标致卧室独栋房屋,Not Found
448442,Phuket 3间高级卧室独栋房屋,Not Found
448444,Phuket 3间完美卧室独栋房屋,Not Found
448445,Phuket 3间标致卧室独栋房屋,Not Found
448447,Phuket 2间惊艳卧室独栋房屋,Not Found
448449,Phuket 2间卧室独栋房屋,Not Found
448451,Phuket 3间团体青睐卧室独栋房屋,Not Found
448452,Phuket 3间宽敞卧室独栋房屋,Not Found
448464,Rawai 2间卧室独栋房屋,Not Found
448466,Phuket 2间卧室独栋房屋,Not Found
448467,Phuket 2间卧室独栋房屋,Not Found
448470,Phuket 2间美妙卧室独栋房屋,Not Found
448471,Phuket 3间团体青睐卧室独栋房屋,Not Found
450276,Kathu 3间高级卧室公寓,Not Found
450277,Choeng Thale 3间完美卧室独栋房屋,Not Found
450336,Choeng Thale 3间精品卧室独栋房屋,Not Found
450342,Choeng Thale 4间精品卧室独栋房屋,Not Found
452623,Choeng Thale 4间团体青睐卧室独栋房屋,Not Found
