14469,Orchard 1间卧室青年旅馆,Not Found
14470,Orchard 1间卧室青年旅馆,Not Found
15034,Cosy Furnished Double Bedroom,Not Found
16075,,Not Found
16077,,Not Found
16197,,Not Found
16816,,Not Found
18582,Tanglin 2间受家庭青睐卧室公寓,Not Found
18671,"""Queenstown",Not Found
20829,,Not Found
21835,Orchard 1间卧室青年旅馆,Not Found
24185,Tampines 1间开阔卧室独栋房屋,Not Found
24698,,Not Found
24731,,Not Found
25240,,Not Found
25676,,Not Found
29714,Clementi 2间开阔卧室公寓,Not Found
30025,Chinatown 9间高级卧室青年旅馆,Not Found
30026,Chinatown 9间团体青睐卧室青年旅馆,Not Found
30029,Chinatown 1间宽敞卧室青年旅馆,Not Found
30030,Chinatown 9间受家庭青睐卧室青年旅馆,Not Found
44990,Chinatown间工作室公寓,Not Found
44991,Chinatown间工作室公寓,Not Found
44994,Chinatown间工作室公寓,Not Found
44997,Chinatown 1间舒适卧室公寓,Not Found
44998,Outram 1间浪漫卧室公寓,Not Found
44999,Chinatown 1间适宜卧室公寓,Not Found
45003,Outram 2间可爱卧室公寓,Not Found
50551,,Not Found
54344,East Coast 3间热情卧室独栋房屋,Not Found
59671,,Not Found
61176,Tanjong Pagar 1间精品卧室公寓,Not Found
61255,,Not Found
61495,,Not Found
61497,,Not Found
63295,,Not Found
64505,Lavender 1间友好卧室公寓,Not Found
66538,,Not Found
67255,,Not Found
69305,River Valley间工作室公寓,Not Found
74171,Orchard间工作室公寓,Not Found
74173,Orchard间工作室公寓,Not Found
74209,,Not Found
98657,Condo Master Room For Short Rental,Not Found
100427,,Not Found
100539,,Not Found
100836,,Not Found
101948,East Coast 2间绚丽夺目卧室公寓,Not Found
102155,Clementi 2间卧室青年旅馆,Not Found
103080,,Not Found
104400,,Not Found
108506,Big Common Room For Short rent,Not Found
109116,,Not Found
109722,,Not Found
122451,Newton 3间精品卧室公寓,Not Found
129027,,Not Found
129980,Geylang 2间宽敞卧室公寓,Not Found
130287,Thomson / Bishan 1间玲珑卧室住宿和早餐,Not Found
130654,The Bencoolen Residence #19-07,Not Found
131491,,Not Found
131995,Choa Chu Kang 1间卧室独栋房屋,Not Found
133069,The Bencoolen Residence #18-08,Not Found
133070,,Not Found
134001,,Not Found
134075,,Not Found
134118,Pasir Ris 1间便捷卧室独栋房屋,Not Found
135714,Outram 3间卧室青年旅馆,Not Found
136451,River Valley间工作室公寓,Not Found
137298,,Not Found
149257,Outram 2间开阔卧室公寓,Not Found
161551,River Valley间工作室公寓,Not Found
162572,River Valley间工作室公寓,Not Found
163385,Outram 10间受家庭青睐卧室青年旅馆,Not Found
163785,,Not Found
164293,,Not Found
164806,,Not Found
168108,Farrer Park 4间卧室青年旅馆,Not Found
168109,Farrer Park 4间卧室青年旅馆,Not Found
168110,Lavender 4间卧室青年旅馆,Not Found
168114,Farrer Park 4间卧室青年旅馆,Not Found
170212,Orchard间工作室公寓,Not Found
170223,Orchard间工作室公寓,Not Found
170228,Orchard间工作室公寓,Not Found
187132,Farrer Park 1间卧室青年旅馆,Not Found
187219,River Valley间工作室公寓,Not Found
188724,River Valley 1间宽阔卧室公寓,Not Found
191082,,Not Found
192155,,Not Found
193025,Orchard 2间卧室公寓,Not Found
193245,Orchard 2间卧室公寓,Not Found
193341,River Valley间工作室公寓,Not Found
193404,Lavender 1间卧室青年旅馆,Not Found
193516,Bras Basah 2间卧室公寓,Not Found
193520,Bukit Timah 3间卧室公寓,Not Found
193613,,Not Found
202949,Orchard 3间宽敞卧室公寓,Not Found
205440,Farrer Park 2间卧室青年旅馆,Not Found
205669,River Valley间工作室公寓,Not Found
205902,River Valley间工作室公寓,Not Found
206754,River Valley间工作室公寓,Not Found
208497,River Valley间工作室公寓,Not Found
209592,River Valley间工作室公寓,Not Found
210534,Outram 1间卧室酒店,Not Found
211809,Thomson / Bishan 4间开阔卧室独栋房屋,Not Found
231098,,Not Found
231465,Outram间工作室青年旅馆,Not Found
237105,River Valley间工作室公寓,Not Found
238412,,Not Found
238413,,Not Found
238415,,Not Found
238417,,Not Found
239536,,Not Found
239704,Farrer Park 2间标致卧室公寓,Not Found
241070,,Not Found
241501,Outram 1间卧室酒店,Not Found
242609,Tanjong Pagar 1间宜人卧室公寓,Not Found
243191,Lavender 6间卧室住宿和早餐,Not Found
243565,River Valley间工作室公寓,Not Found
244359,,Not Found
244360,,Not Found
245981,,Not Found
247187,Downtown Core 1间标致卧室公寓,Not Found
248011,Tanjong Pagar 2间友好卧室公寓,Not Found
248470,Geylang 1间温馨卧室公寓,Not Found
248471,Geylang 1间卧室公寓,Not Found
248472,Geylang 1间卧室公寓,Not Found
248473,Geylang 1间卧室公寓,Not Found
248738,Newton 2间标致卧室公寓,Not Found
248870,Farrer Park间工作室公寓,Not Found
248954,,Not Found
248957,,Not Found
251269,Clementi 4间标致卧室公寓,Not Found
251607,Brand New 1-Bedroom Luxury Apt B,Not Found
251798,,Not Found
252345,,Not Found
254746,Little India 2间瑰丽卧室公寓,Not Found
256021,Tanjong Pagar 1间友好卧室公寓,Not Found
257695,Thomson / Bishan 4间可爱卧室独栋房屋,Not Found
257841,River Valley间工作室公寓,Not Found
259110,"""Queenstown",Not Found
259768,Entire 2 Bed Apartment / East Coast,Not Found
261474,Geylang 1间卧室公寓,Not Found
261550,East Coast 1间惊艳卧室公寓,Not Found
263000,Farrer Park 5间受家庭青睐卧室公寓,Not Found
263003,Farrer Park 2间瑰丽卧室公寓,Not Found
263069,,Not Found
263229,Tiong Bahru 1间旖旎卧室公寓,Not Found
263230,Tiong Bahru 1间卧室公寓,Not Found
263321,Orchard 1间卧室公寓,Not Found
263324,Tiong Bahru 1间卧室公寓,Not Found
263326,Orchard 1间卧室公寓,Not Found
263328,Tiong Bahru 1间卧室公寓,Not Found
264481,Brand New SOHO 2 Bedder Loft,Not Found
317181,Tanglin 3间完美卧室公寓,Not Found
334983,New Luxury Studio Apt (Balestier)#A,Not Found
334984,New Luxury Apartment (Balestier) #C,Not Found
336384,Bukit Panjang 4间绝妙卧室公寓,Not Found
336923,Bukit Panjang 4间绝佳卧室公寓,Not Found
337686,Bukit Panjang 4间绝妙卧室公寓,Not Found
338857,Orchard 1间卧室公寓,Not Found
338858,Orchard 1间卧室公寓,Not Found
338865,Orchard Rd 2 bedroom Apt 961 (5pax),Not Found
338867,Orchard 5间卧室公寓,Not Found
342686,Balestier 3间完美卧室公寓,Not Found
342691,Farrer Park 1间赏心卧室青年旅馆,Not Found
342753,Outram 1间卧室公寓,Not Found
345202,Farrer Park间工作室公寓,Not Found
346142,"""Queenstown",Not Found
346474,Balestier 3间标致卧室公寓,Not Found
347270,Tanglin 1间卧室公寓,Not Found
347275,Tanglin 2间卧室公寓,Not Found
347368,Aljunied 2间宽敞卧室公寓,Not Found
353422,Farrer Park间工作室公寓,Not Found
359919,Farrer Park 1间浪漫卧室公寓,Not Found
359920,Outram 1间可爱卧室公寓,Not Found
360476,Dhoby Ghaut 2间友好卧室公寓,Not Found
360697,Bukit Timah 1间绮丽卧室公寓,Not Found
361067,HC Suites 2 Bedroom Luxury Apt,Not Found
361453,River Valley 2间卧室公寓,Not Found
362310,,Not Found
362312,,Not Found
362313,,Not Found
362314,,Not Found
364878,,Not Found
365541,Newton 3间团体青睐卧室公寓,Not Found
368340,Tanglin 2间迷人卧室公寓,Not Found
369013,Balestier 4间受家庭青睐卧室公寓,Not Found
370158,Newton 1间舒适卧室公寓,Not Found
386228,Tiong Bahru间工作室公寓,Not Found
386230,Outram间工作室公寓,Not Found
386231,Outram间工作室公寓,Not Found
386323,Tiong Bahru间工作室公寓,Not Found
386575,,Not Found
388331,,Not Found
388672,,Not Found
388915,,Not Found
389401,,Not Found
389683,River Valley 3间光彩夺目卧室公寓,Not Found
389873,Tiong Bahru 2间光彩夺目卧室公寓,Not Found
390927,Orchard 4间卧室公寓,Not Found
391005,Singapore Dover Rise 3BR Condo,Not Found
391891,Orchard 2间卧室公寓,Not Found
391892,Orchard 6间卧室公寓,Not Found
392731,"""Common Bedroom at Vivocity ",Not Found
392739,"""Triple Bed room - VivoCity",Not Found
392743,"""Deluxe Master  - VivoCity ",Not Found
392752,"""2 Common Bedrooms -VivoCity",Not Found
392886,,Not Found
405935,Geylang 2间瑰丽卧室公寓,Not Found
406455,Singapore Queenstown 3br Condo,Not Found
406584,Aljunied 1间安逸卧室青年旅馆,Not Found
406589,Aljunied 1间旖旎卧室青年旅馆,Not Found
406590,Aljunied 1间宽敞卧室青年旅馆,Not Found
406591,Aljunied 1间宜人卧室青年旅馆,Not Found
406592,Aljunied 1间旖旎卧室青年旅馆,Not Found
406661,Tiong Bahru间工作室公寓,Not Found
406780,,Not Found
406886,Singapore Clementi P 3BR Condo,Not Found
406896,Singapore Novena 3BR Apt,Not Found
407421,Singapore Novena 2BR Apt,Not Found
407432,Singapore Novena Studio,Not Found
407437,,Not Found
407766,Singapore Somerset 3BR Condo,Not Found
408136,Newton 2间设备齐全卧室公寓,Not Found
408888,Woodlands 2间团体青睐卧室公寓,Not Found
408889,Geylang 1间便捷卧室公寓,Not Found
411119,"""MASTER ROOM No.3 ensuite",Not Found
413747,Paya Lebar 1间热情卧室公寓,Not Found
414087,,Not Found
417966,Thomson / Bishan 1间美妙卧室住宿和早餐,Not Found
419131,Luxury Premier Apt (Outram) #0201P,Not Found
420223,,Not Found
421319,"""MASTER ROOM No.2 ensuite",Not Found
422009,,Not Found
422074,Farrer Park间工作室酒店,Not Found
426897,Lavender间工作室酒店,Not Found
426959,3BR Resort Style Condo EXPO & CBP,Not Found
428776,Beautiful 2Bedroom Apt. on Club St,Not Found
428777,2 BR penthouse + private roof deck,Not Found
429023,One Bed Room Apartment.独立套房2,Not Found
429024,River Valley 1间可爱卧室公寓,Not Found
429042,Luxury 1bedrm Apt NEX Shopping Mall,Not Found
430327,Luxury Standard Apt (Outram) #0203S,Not Found
430328,Unique Loft Suite @ Outram Park,Not Found
430329,Luxury Penthouse Suite @ Outram,Not Found
430996,Entire Condo 3 rm @VivoCity/Sentosa,Not Found
431181,Luxury Premier Apt (Outram) #0202P,Not Found
431182,Luxury Standard Apt (Outram) #0204S,Not Found
431183,Luxury Premier Apt(Outram)#0205P(BB,Not Found
431184,Luxury Loft Apt (Outram)#0301L,Not Found
431185,Luxury Loft Apt (Outram)#0302L,Not Found
431186,Luxury Standard Apt (Outram)#0303S,Not Found
431187,Luxury Loft Apt (Outram)#0305L,Not Found
431188,Luxury Standard Apt (Outram) #0402S,Not Found
431189,Luxury Standard Apt (Outram) #0403S,Not Found
431190,Luxury Premier Apt (Outram) #0201P #2,Not Found
432875,Ang Mo Kio 1间热情卧室独栋房屋,Not Found
433597,River Valley 3间瑰丽卧室公寓,Not Found
436242,,Not Found
436243,,Not Found
436248,Paya Lebar 4间开阔卧室独栋房屋,Not Found
436657,Little India 2间宽敞卧室公寓,Not Found
436710,Balestier 1间迷人卧室公寓,Not Found
437364,East Coast 3间卧室独栋房屋,Not Found
439214,Balestier 1间标致卧室公寓,Not Found
439216,Balestier 1间光彩夺目卧室公寓,Not Found
439218,Balestier 1间惊艳卧室公寓,Not Found
439221,Balestier 1间精品卧室公寓,Not Found
439222,Balestier 1间惊艳卧室公寓,Not Found
439223,Balestier 1间标致卧室公寓,Not Found
439224,Balestier 1间受家庭青睐卧室公寓,Not Found
439225,Balestier 1间开阔卧室公寓,Not Found
439226,Balestier 1间标致卧室公寓,Not Found
439331,Balestier 1间光彩夺目卧室公寓,Not Found
439357,Balestier 1间精品卧室公寓,Not Found
439359,Balestier 1间受家庭青睐卧室公寓,Not Found
439360,Balestier 1间标致卧室公寓,Not Found
439361,Balestier 1间团体青睐卧室公寓,Not Found
439362,Balestier 1间宽敞卧室公寓,Not Found
439363,Balestier 1间标致卧室公寓,Not Found
439364,Balestier 1间宽敞卧室公寓,Not Found
439365,Balestier 1间团体青睐卧室公寓,Not Found
439366,Balestier 1间绝妙卧室公寓,Not Found
439367,Balestier 1间精品卧室公寓,Not Found
439862,Outram一室公寓公寓,Not Found
443163,,Not Found
443432,Farrer Park 1间浪漫卧室青年旅馆,Not Found
443882,,Not Found
444564,Telok Blangah 2间宽敞卧室公寓,Not Found
445089,,Not Found
445148,,Not Found
445206,Serangoon 1间浪漫卧室公寓,Not Found
445725,Farrer Park 1间安逸卧室青年旅馆,Not Found
445729,Farrer Park 1间可爱卧室青年旅馆,Not Found
445737,Farrer Park 1间旖旎卧室青年旅馆,Not Found
445744,Farrer Park 1间便捷卧室青年旅馆,Not Found
445748,Woodlands 1间惬意卧室公寓,Not Found
445812,River Valley一室公寓公寓,Not Found
445928,Newton 1间宽阔卧室公寓,Not Found
446385,River Valley 3间光彩夺目卧室公寓,Not Found
446523,Telok Blangah 2间热情卧室公寓,Not Found
448389,,Not Found
448621,Little India 5间美妙卧室公寓,Not Found
449002,Woodlands 3间标致卧室独栋房屋,Not Found
452999,Downtown Core 1间精品卧室公寓,Not Found
453001,,Not Found
