8602,Xinyi District 2间卧室公寓,Not Found
8604,Zhongshan District 2间卧室公寓,Not Found
9253,Serviced apt  near MRT Taipei 101,Not Found
13937,""" 	3B2b - 3 Min to MRT",Not Found
19829,"""CENTER CITY 1B1b",Not Found
20075,"""Daan District",Not Found
20404,Xinyi District 1间旖旎卧室公寓,Not Found
20853,Simple accommodation with lots of heart - 風格雅房,Not Found
20890,"""Daan District",Not Found
23305,MODERN CENTER CITY 2B1b - Daan MRT,Not Found
23306,"""Daan District",Not Found
24376,Xinyi District 1间安逸卧室公寓,Not Found
37432,Zhongshan District间工作室公寓,Not Found
37433,Songshan District间工作室公寓,Not Found
37434,Songshan District 1间卧室公寓,Not Found
37435,Songshan District 1间卧室公寓,Not Found
37437,Songshan District 1间卧室公寓,Not Found
37438,Songshan District 1间卧室公寓,Not Found
37439,Songshan District 2间卧室公寓,Not Found
37440,Songshan District 2间卧室公寓,Not Found
37441,Songshan District 3间卧室公寓,Not Found
37442,Songshan District 3间卧室公寓,Not Found
39742,,Not Found
43936,,Not Found
43938,Zhongshan District间工作室公寓,Not Found
48395,Five mins MRTshort stay in CBD,Not Found
48398,Wanhua District 1间赏心卧室公寓,Not Found
49986,Luxury Service Apt  near Taipei 101,Not Found
50874,Songshan District 1间卧室公寓,Not Found
52053,2B1b 20% off 3/5-3/13,Not Found
53730,Zhongshan District间工作室公寓,Not Found
60294,CRèME De La CRèME - CENTER CITY 東區,Not Found
60612,★ Riverside Entire Apt~Wu's Ruby ★,Not Found
60614,Danshui District间工作室公寓,Not Found
67475,Zhongshan District 4间完美卧室公寓,Not Found
68732,Zhongshan District间工作室公寓,Not Found
68733,Zhongshan District间工作室公寓,Not Found
69107,Zhongshan District 1间赏心卧室公寓,Not Found
70268,Xinyi District 1间卧室公寓,Not Found
71914,"""Daan District",Not Found
72269,Songshan District间工作室公寓,Not Found
72348,,Not Found
73642,Zhongshan District 1间温馨卧室公寓,Not Found
73986,"""Daan District",Not Found
74677,"""MRT APT#忠孝新生站",Not Found
76189,Danshui District 2间友好卧室公寓,Not Found
76190,Danshui District 1间惊艳卧室公寓,Not Found
76819,"""Daan District",Not Found
78403,Xinyi District 2间卧室公寓,Not Found
78901,Xinyi District 2间卧室公寓,Not Found
98834,RentRoom Taipei Taiwan MRT Yongchun,Not Found
101549,,Not Found
101565,,Not Found
101567,,Not Found
101569,,Not Found
101570,,Not Found
101572,,Not Found
102036,,Not Found
103467,Nei Hu 2间卧室公寓,Not Found
105697,Zhongshan District 1间卧室公寓,Not Found
105761,Da Tong 1间卧室公寓,Not Found
107434,Wanhua District 3间开阔卧室公寓,Not Found
107549,Junior Suite roses 411 #2 玫瑰花香,Not Found
107898,Zhongshan District 1间温馨卧室公寓,Not Found
132568,Wanhua District 1间旖旎卧室公寓,Not Found
133836,Service apt near MRT Taipei  101,Not Found
134129,Studio 20% off 2/13-2/29,Not Found
134339,Xinyi District 2间卧室公寓,Not Found
141591,Luxury Serviced Apt near Taipei 101,Not Found
171084,,Not Found
187277,Songshan District 1间惊艳卧室公寓,Not Found
190851,Xinyi District 4间瑰丽卧室公寓,Not Found
192036,Wanhua District 1间标致卧室公寓,Not Found
192484,"""Daan District",Not Found
192591,"""Daan District",Not Found
206677,Da Tong 3间绮丽卧室公寓,Not Found
207172,Songshan District 1间美妙卧室住宿和早餐,Not Found
207174,Songshan District 1间卧室公寓,Not Found
207193,Songshan District 2间瑰丽卧室公寓,Not Found
207196,Songshan District 2间美妙卧室公寓,Not Found
208607,"""Quality",Not Found
241886,,Not Found
242140,Zhongshan District 1间卧室公寓,Not Found
242141,Zhongshan District 1间卧室公寓,Not Found
242144,Five mins from TPE Zhongshan MRT,Not Found
242306,Zhongshan District 4间便利卧室公寓,Not Found
242313,Zhongshan District 1间卧室公寓,Not Found
242314,Zhongshan District 1间卧室公寓,Not Found
242315,Zhongshan District 1间卧室公寓,Not Found
242316,Zhongshan District 1间卧室公寓,Not Found
242317,Zhongshan District间工作室公寓,Not Found
242318,Zhongshan District 1间卧室公寓,Not Found
242319,Zhongshan District间工作室公寓,Not Found
242320,Zhongshan District间工作室公寓,Not Found
242321,Zhongshan District间工作室公寓,Not Found
242322,Zhongshan District间工作室公寓,Not Found
242323,Zhongshan District 1间卧室公寓,Not Found
242324,Zhongshan District 1间卧室公寓,Not Found
242414,Zhongshan District间工作室公寓,Not Found
242415,Zhongshan District间工作室公寓,Not Found
245148,"""Daan District",Not Found
245481,Songshan District 1间惊艳卧室公寓,Not Found
246571,Zhongshan District 1间玲珑卧室公寓,Not Found
247140,Yonghe 3间绝佳卧室公寓,Not Found
250576,Songshan District 1间卧室公寓,Not Found
257776,Xinyi District 1间卧室公寓,Not Found
262428,Boutique Serviced Studio Apt @ MRT Taipei Main,Not Found
265581,舒適的三房地鐵公寓 Entire MRT 3BR Cozy Home,Not Found
265582,,Not Found
318021,Serviced apt @ MRT Nanjing Sanmin,Not Found
336901,Nangang District 1间标致卧室住宿和早餐,Not Found
337036,Nangang District 1间宽敞卧室住宿和早餐,Not Found
362082,Clear Comfort 4B2b 2.5 Min to MRT,Not Found
362889,Xinyi District 2间上佳卧室公寓,Not Found
363018,Boutique Loft（東區）,Not Found
363019,"""Daan District",Not Found
363022,Dazzling Loft （大安區）,Not Found
363024,"""Daan District",Not Found
369022,Xinyi District 3间美妙卧室公寓,Not Found
369314,Xinyi District 1间舒适卧室公寓,Not Found
371282,Shilin 2间便利卧室公寓,Not Found
386605,Zhongshan District 1间安逸卧室公寓,Not Found
390905,Ban Qiao 1间宽敞卧室公寓,Not Found
390908,Zhongshan District间工作室公寓,Not Found
418047,Taipei 3间高级卧室公寓,Not Found
418055,Taipei 3间标致卧室公寓,Not Found
431730,,Not Found
431731,[STRent Taipei] Neihu Studio－505 #2,Not Found
431732,[STRent Taipei] Neihu Studio－505 #3,Not Found
431849,Songshan District一室公寓独栋房屋,Not Found
432918,,Not Found
432919,,Not Found
432922,,Not Found
432938,,Not Found
432951,,Not Found
432968,,Not Found
432979,,Not Found
436234,,Not Found
436250,,Not Found
436257,,Not Found
436259,,Not Found
436269,,Not Found
436271,,Not Found
436446,Taipei 3间惊艳卧室公寓,Not Found
436448,Taipei 3间绚丽夺目卧室公寓,Not Found
436658,"""Daan District",Not Found
441768,Xinyi District 1间卧室公寓,Not Found
447249,Xinyi District 8间精品卧室公寓,Not Found
