59004,Minato 3间卧室独栋房屋,15
108490,Minato 1间旖旎卧室公寓,12
128359,Minato 1间迷人卧室公寓,2
136408,Minato 1间舒适卧室公寓,2
242269,Minato 1间宜人卧室公寓,2
242282,Minato 2间瑰丽卧室公寓,2
242857,Minato 2间浪漫卧室公寓,2
245300,Minato 2间安逸卧室公寓,8
247955,Minato 3间宽敞卧室独栋房屋,15
251024,Setagaya 1间安逸卧室公寓,15
252229,Minato间工作室公寓,15
261585,Minato 1间友好卧室公寓,11
338599,Setagaya 2间宜人卧室公寓,13
338605,Setagaya 2间友好卧室公寓,13
354374,Minato 2间惊艳卧室公寓,2
364019,Minato 3间瑰丽卧室独栋房屋,8
386908,Minato 1间可爱卧室公寓,9
388888,Setagaya 3间完美卧室独栋房屋,7
418110,Sendagaya 1间卧室公寓,12
12367,Shinjuku 2间赏心卧室公寓,Not Found
12368,Shinjuku 1间舒适卧室独栋房屋,Not Found
12426,Comfortable Lavish Stay in Tokyo,Not Found
12427,Comfortable Lavish Stay in Tokyo #2,Not Found
12428,Shinjuku 10间绝佳卧室独栋房屋,Not Found
13379,Akasaka 1间舒适卧室公寓,Not Found
14628,Ueno 2间美妙卧室独栋房屋,Not Found
15074,,Not Found
19121,Roppongi 间工作室公寓,Not Found
22845,Harajuku 1间玲珑卧室公寓,Not Found
23645,Minato 2间宽阔卧室公寓,Not Found
25449,Roppongi  1间热情卧室公寓,Not Found
25508,Roppongi  1间便捷卧室公寓,Not Found
25861,Shinjuku 2间赏心卧室独栋房屋,Not Found
26581,"""Ginza",Not Found
28270,Harajuku 1间赏心卧室公寓,Not Found
35412,Nihonbashi间工作室公寓,Not Found
35423,Nihonbashi间工作室公寓,Not Found
35428,Nihonbashi间工作室公寓,Not Found
35433,Nihonbashi间工作室公寓,Not Found
36697,Shinjuku 1间浪漫卧室公寓,Not Found
42445,Asakusa间工作室公寓,Not Found
42741,,Not Found
42742,,Not Found
42744,,Not Found
42746,,Not Found
42748,,Not Found
42749,,Not Found
42751,,Not Found
42753,,Not Found
42754,,Not Found
42755,,Not Found
42758,,Not Found
42762,,Not Found
42765,,Not Found
42769,,Not Found
42779,,Not Found
42784,,Not Found
42786,,Not Found
42787,,Not Found
42788,,Not Found
42789,,Not Found
42790,,Not Found
42791,,Not Found
42792,,Not Found
42793,,Not Found
44601,,Not Found
44603,,Not Found
44613,,Not Found
44617,,Not Found
44621,,Not Found
44627,,Not Found
44628,,Not Found
44633,,Not Found
44635,,Not Found
44636,,Not Found
44637,,Not Found
44638,,Not Found
44639,,Not Found
44640,,Not Found
44679,,Not Found
44680,,Not Found
44681,,Not Found
44682,,Not Found
44683,,Not Found
44684,,Not Found
44685,,Not Found
44686,,Not Found
44687,,Not Found
44688,,Not Found
44689,,Not Found
44690,,Not Found
44755,,Not Found
44756,,Not Found
44757,,Not Found
44759,,Not Found
44760,,Not Found
44762,,Not Found
44763,,Not Found
44765,,Not Found
44768,,Not Found
44770,,Not Found
44772,,Not Found
44774,,Not Found
44775,,Not Found
44779,,Not Found
44781,,Not Found
44784,,Not Found
44786,,Not Found
44788,,Not Found
44794,,Not Found
44795,,Not Found
44796,,Not Found
44799,,Not Found
44800,,Not Found
44801,,Not Found
44803,,Not Found
44805,,Not Found
44817,,Not Found
44821,,Not Found
44822,,Not Found
44826,,Not Found
44827,,Not Found
44829,,Not Found
44832,,Not Found
44834,,Not Found
44835,,Not Found
44837,,Not Found
49364,Nakano 1间卧室独栋房屋,Not Found
49365,Nakano 1间卧室独栋房屋,Not Found
49367,Nakano 1间卧室独栋房屋,Not Found
49368,Nakano 1间卧室独栋房屋,Not Found
49370,Nakano 1间卧室独栋房屋,Not Found
49371,Nakano 1间卧室公寓,Not Found
49374,Nakano 1间卧室独栋房屋,Not Found
49378,Nakano 1间卧室独栋房屋,Not Found
50028,Nakano-Shimbashi Share House  #103,Not Found
53186,Harajuku 1间便利卧室公寓,Not Found
60642,Shinjuku 1间舒适卧室公寓,Not Found
62218,,Not Found
62219,,Not Found
62221,,Not Found
62223,,Not Found
62224,,Not Found
62225,,Not Found
62226,,Not Found
62227,,Not Found
62228,,Not Found
62229,,Not Found
62230,,Not Found
62231,,Not Found
62575,,Not Found
62577,,Not Found
62630,,Not Found
62631,,Not Found
62632,,Not Found
62633,,Not Found
62635,,Not Found
62640,,Not Found
62641,,Not Found
62642,,Not Found
62643,,Not Found
62644,,Not Found
62645,,Not Found
62646,,Not Found
62648,,Not Found
62649,,Not Found
62650,,Not Found
62652,,Not Found
62653,,Not Found
62655,,Not Found
62656,,Not Found
62658,,Not Found
62659,,Not Found
62661,,Not Found
62662,,Not Found
63168,Akasaka 1间安逸卧室公寓,Not Found
67219,Ikebukuro 1间浪漫卧室公寓,Not Found
70554,Akasaka 1间赏心卧室公寓,Not Found
73512,Roppongi  1间安逸卧室公寓,Not Found
74383,Akasaka间工作室公寓,Not Found
74417,Shinjuku 2间舒适卧室公寓,Not Found
75455,Roppongi  1间旖旎卧室公寓,Not Found
76380,Roppongi  1间玲珑卧室公寓,Not Found
98483,Akasaka 1间宜人卧室公寓,Not Found
101343,Akasaka 1间宜人卧室公寓,Not Found
101560,Shibuya间工作室公寓,Not Found
102575,Roppongi 间工作室公寓,Not Found
105606,Akasaka 1间浪漫卧室公寓,Not Found
109384,Shibuya 1间便捷卧室公寓,Not Found
110108,,Not Found
110109,,Not Found
110110,,Not Found
110111,,Not Found
110112,,Not Found
110113,,Not Found
110114,,Not Found
110116,,Not Found
110117,,Not Found
110118,,Not Found
110120,,Not Found
110121,,Not Found
110123,,Not Found
130048,Shinjuku 2间惬意卧室公寓,Not Found
130360,Shinjuku 1间惬意卧室公寓,Not Found
131339,"""Bunkyo",Not Found
134532,"""Spectacular",Not Found
134535,Ueno 1间宜人卧室独栋房屋,Not Found
135437,,Not Found
135439,,Not Found
135442,,Not Found
135443,,Not Found
135444,,Not Found
135445,,Not Found
135446,,Not Found
135447,,Not Found
135448,,Not Found
135452,,Not Found
135453,,Not Found
136595,"""Toshima",Not Found
160915,Akasaka 2间惊艳卧室公寓,Not Found
164078,Shibuya 1间赏心卧室公寓,Not Found
164848,"""Lovely Place",Not Found
166597,Shinjuku 1间安逸卧室公寓,Not Found
167604,Nakano 1间卧室公寓,Not Found
167606,Nakano 1间卧室公寓,Not Found
169938,"""Entire Home",Not Found
170928,,Not Found
187847,Shinjuku间工作室公寓,Not Found
191670,Shinjuku 10间惊艳卧室青年旅馆,Not Found
193235,Suginami间工作室公寓,Not Found
193451,Shinagawa间工作室公寓,Not Found
193454,Shinagawa间工作室公寓,Not Found
202953,Charming in Central Location,Not Found
207311,Shibuya间工作室公寓,Not Found
208993,Centrally located in Tokyo,Not Found
211913,Sendagaya 1间旖旎卧室公寓,Not Found
231215,"""Bunkyo",Not Found
231218,Shinjuku间工作室公寓,Not Found
231689,Asakusa 10间卧室独栋房屋,Not Found
231720,Asakusa 1间卧室青年旅馆,Not Found
231723,Asakusa 4间卧室青年旅馆,Not Found
231725,Asakusa 1间卧室青年旅馆,Not Found
231726,Asakusa 10间卧室青年旅馆,Not Found
231728,Asakusa 1间卧室公寓,Not Found
231872,Shibuya 1间便捷卧室公寓,Not Found
237339,Shibuya 1间舒适卧室公寓,Not Found
239708,Shinjuku 2间卧室独栋房屋,Not Found
241523,,Not Found
241842,Roppongi  1间便捷卧室公寓,Not Found
242298,Shinjuku 1间卧室公寓,Not Found
242299,Shinjuku 1间卧室公寓,Not Found
242300,Shinjuku 1间卧室公寓,Not Found
242618,Shibuya间工作室公寓,Not Found
246765,Shinjuku 1间宜人卧室公寓,Not Found
246768,Shinjuku 1间便捷卧室公寓,Not Found
246866,Roppongi 间工作室公寓,Not Found
247271,Ikebukuro 1间迷人卧室公寓,Not Found
247434,Great Shopping: Ikebukuro  - Tokyo,Not Found
247862,Top Base Harajuku: Shibuya - Tokyo,Not Found
247863,Spacious Home: Omotesando - Shibuya,Not Found
248808,Roppongi 间工作室公寓,Not Found
251015,Yamate 1间惬意卧室公寓,Not Found
251025,Akasaka 1间舒适卧室公寓,Not Found
251639,Shibuya 1间卧室公寓,Not Found
252035,Roppongi 间工作室公寓,Not Found
252191,Roppongi  2间迷人卧室公寓,Not Found
256292,Ikebukuro 2间无以比拟卧室公寓,Not Found
257880,Asakusa 1间热情卧室公寓,Not Found
258758,Shibuya间工作室公寓,Not Found
259499,"""Ota",Not Found
259507,"""Ota",Not Found
259509,"""Ota",Not Found
260198,Private apartment,Not Found
261377,Ikebukuro 2间美妙卧室公寓,Not Found
264037,Ikebukuro 1间舒适卧室公寓,Not Found
338597,Shibuya 1间温馨卧室公寓,Not Found
338600,Shibuya 1间可爱卧室公寓,Not Found
338601,Shibuya 2间宽敞卧室公寓,Not Found
338602,Shibuya 2间玲珑卧室公寓,Not Found
338603,Shibuya 2间可爱卧室公寓,Not Found
339453,Sendagaya间工作室公寓,Not Found
340016,Shinjuku 1间舒适卧室公寓,Not Found
345809,,Not Found
346596,Shinjuku间工作室公寓,Not Found
347609,Harajuku间工作室公寓,Not Found
348863,Shibuya间工作室公寓,Not Found
359914,Ikebukuro 3间绝佳卧室公寓,Not Found
359921,"""Shiodome",Not Found
360582,"""Meguro",Not Found
360585,Harajuku间工作室公寓,Not Found
360586,Harajuku间工作室公寓,Not Found
360587,Harajuku间工作室公寓,Not Found
362054,Ikebukuro 3间卧室公寓,Not Found
365813,"""Toshima",Not Found
368664,Ikebukuro 1间温馨卧室公寓,Not Found
368669,++Comfortable stay in Ikebukuro++,Not Found
368716,Chiyoda 1间便捷卧室公寓,Not Found
368724,Shinjuku 1间便捷卧室公寓,Not Found
369053,"""Ryogoku",Not Found
386641,,Not Found
386645,,Not Found
386647,Akasaka间工作室公寓,Not Found
387198,Nakano 2间赏心卧室公寓,Not Found
392972,Suginami 1间旖旎卧室住宿和早餐,Not Found
392975,Suginami 1间迷人卧室住宿和早餐,Not Found
405852,Higashiyukigaya 3间卧室公寓,Not Found
407420,Tokyo 2间美妙卧室公寓,Not Found
407763,Shinjuku 1间热情卧室公寓,Not Found
408374,Shinjuku 1间浪漫卧室公寓,Not Found
408396,Shinjuku 1间热情卧室公寓,Not Found
408533,Harajuku 1间卧室公寓,Not Found
409556,"""Toshima",Not Found
409834,"""Toshima",Not Found
409871,Roppongi  1间浪漫卧室公寓,Not Found
409943,Shinjuku 1间宜人卧室公寓,Not Found
410234,Roppongi  2间设备齐全卧室公寓,Not Found
412485,HEART OF TOKYO ROPPONGI HILLS 2012,Not Found
413688,Harajuku 2间卧室公寓,Not Found
413689,Harajuku 3间卧室公寓,Not Found
417033,Shinjuku 1间卧室公寓,Not Found
417973,Nakano 1间卧室独栋房屋,Not Found
418008,Tokyo 1间卧室独栋房屋,Not Found
418010,Tokyo 1间卧室独栋房屋,Not Found
418015,Tokyo 1间卧室独栋房屋,Not Found
419820,Roppongi  1间迷人卧室公寓,Not Found
420220,Asakusa 3间高级卧室独栋房屋,Not Found
421504,"""#1-Ginza",Not Found
421832,"""#3-Ginza",Not Found
422122,"""#4-Tokyo tower/Mt.Fuji view",Not Found
422124,"""#5- Ginza",Not Found
426430,"""#6- Tokyo Bay",Not Found
426832,"""#8-Tokyo Bay",Not Found
426838,"""#2- Ginza",Not Found
427601,Shibuya Roppongi 2 Double Beds #2,Not Found
428350,WONDERFUL LOCATION12/MOBILEWIFIFREE,Not Found
428772,Apartment for Sailor Fighters!,Not Found
429418,Calm and residential area apartment,Not Found
429926,Ueno 3间绮丽卧室公寓,Not Found
430486,Zaynz Place 3BR  + wifi,Not Found
430960,Close to Shibuya  entire house  #2,Not Found
431063,Akihabara Superior Studio Apartment,Not Found
431064,Akihabara Superior 1 Bedroom Apartm,Not Found
431065,Akihabara Standard 1 Bedroom Apt,Not Found
431066,Akihabara Standard Studio Apartment,Not Found
431067,Akihabara Deluxe Studio Apartment,Not Found
431068,Akihabara Deluxe 3 Bedroom Apt,Not Found
431069,Deluxe 4 BR Apt in Akihabara,Not Found
431071,Akihabara Superior 3 Bedroom Apt,Not Found
431072,Akihabara Deluxe Two Bedroom Apt,Not Found
431073,Akihabara Deluxe One Bedroom Apartm,Not Found
431074,Akihabara Luxury Apartment,Not Found
431076,Nihonbashi Deluxe Apartment,Not Found
431077,Akasaka Superior 2 Bedroom Apt,Not Found
431134,Akasaka Standard Apartment,Not Found
431135,Yoyogi Deluxe 2 Bedroom Apartment,Not Found
431136,Yoyogi Deluxe 1 Bedroom Apartment,Not Found
431166,Akihabara Residence House - Yashiki,Not Found
431167,Akihabara Budget Studio,Not Found
431168,Akihabara Budget 2bd Apartment,Not Found
432775,Tokyo 1间温馨卧室公寓,Not Found
433172,Tokyo 1间安逸卧室公寓,Not Found
433201,Tokyo 1间卧室公寓,Not Found
433202,Tokyo 1间卧室公寓,Not Found
433203,Tokyo 1间卧室公寓,Not Found
433204,Tokyo 1间卧室公寓,Not Found
433211,Tokyo 3间卧室独栋房屋,Not Found
433298,Tokyo 2间宽敞卧室独栋房屋,Not Found
433329,Tokyo 3间惊艳卧室独栋房屋,Not Found
433330,Tokyo 4间惊艳卧室独栋房屋,Not Found
434823,Tokyo一室公寓公寓,Not Found
434874,Tokyo 5间高级卧室独栋房屋,Not Found
436722,Tokyo 2间热情卧室独栋房屋,Not Found
440599,,Not Found
441156,"""Ginza",Not Found
441287,Shinjuku 6间卧室公寓,Not Found
441290,Shinjuku 6间卧室公寓,Not Found
441774,Shibuya 1间便利卧室公寓,Not Found
443570,Roppongi  1间卧室公寓,Not Found
443990,Akasaka 1间设备齐全卧室公寓,Not Found
445121,"""Meguro",Not Found
445208,Tokyo 1间旖旎卧室公寓,Not Found
445904,Ikebukuro一室公寓公寓,Not Found
446053,Shinjuku 1间安逸卧室公寓,Not Found
446167,Tokyo 1间迷人卧室公寓,Not Found
446168,Tokyo 1间旖旎卧室公寓,Not Found
446169,Tokyo 1间可爱卧室公寓,Not Found
446170,Tokyo 1间浪漫卧室公寓,Not Found
446172,Tokyo 1间便利卧室公寓,Not Found
446173,Tokyo 1间浪漫卧室公寓,Not Found
446174,Tokyo 1间便捷卧室公寓,Not Found
446175,Tokyo 1间热情卧室公寓,Not Found
446176,Tokyo 1间旖旎卧室公寓,Not Found
446177,Tokyo 1间玲珑卧室公寓,Not Found
446178,Odaiba 一室公寓公寓,Not Found
446179,Tokyo一室公寓公寓,Not Found
446180,Tokyo 1间安逸卧室公寓,Not Found
446181,Tokyo 1间赏心卧室公寓,Not Found
446182,Tokyo 1间温馨卧室公寓,Not Found
446183,Tokyo 1间舒适卧室公寓,Not Found
446184,Tokyo 1间舒适卧室公寓,Not Found
446185,Tokyo 1间浪漫卧室公寓,Not Found
446186,Tokyo 1间热情卧室公寓,Not Found
446187,Tokyo 1间热情卧室公寓,Not Found
446188,Tokyo 1间便利卧室公寓,Not Found
446190,Tokyo 1间赏心卧室公寓,Not Found
446191,Tokyo 1间玲珑卧室公寓,Not Found
446192,Tokyo 1间便利卧室公寓,Not Found
446193,Tokyo 1间可爱卧室公寓,Not Found
446194,Tokyo一室公寓公寓,Not Found
446195,Tokyo 1间温馨卧室公寓,Not Found
446196,Tokyo一室公寓公寓,Not Found
446197,Tokyo一室公寓公寓,Not Found
446198,Tokyo 1间热情卧室公寓,Not Found
446199,Tokyo一室公寓公寓,Not Found
446200,Tokyo 1间赏心卧室公寓,Not Found
446201,Tokyo 1间赏心卧室公寓,Not Found
446202,Tokyo一室公寓公寓,Not Found
446203,Tokyo 1间可爱卧室公寓,Not Found
446204,Tokyo一室公寓公寓,Not Found
446205,Tokyo一室公寓公寓,Not Found
446206,Tokyo一室公寓公寓,Not Found
446207,Tokyo一室公寓公寓,Not Found
446226,Tokyo一室公寓公寓,Not Found
446227,Tokyo一室公寓公寓,Not Found
446229,Tokyo一室公寓公寓,Not Found
446230,Tokyo一室公寓公寓,Not Found
446231,Tokyo一室公寓公寓,Not Found
446232,Tokyo一室公寓公寓,Not Found
446486,Tokyo 2间迷人卧室公寓,Not Found
448551,Tokyo 2间设备齐全卧室公寓,Not Found
448553,Tokyo 2间舒适卧室公寓,Not Found
448586,Tokyo 1间赏心卧室公寓,Not Found
450258,,Not Found
