room_id,city,title
246147,rome,St. Peter Awesome Family Apartment
338741,rome,Penthouse + Eagle Eye Attic Combo
450791,rome,Ruby
170398,rome,Mazzini Square Central Renewed Apartment
451375,rome,Lucky Domus Esquilino
452423,rome,San Giovanni View
246118,rome,Trastevere Lovely Terrace Apartment
451361,rome,Marcello
452167,rome,Trastevere Great Beauty
452336,rome,Campo di Fiori Residence
451594,rome,Behind St.Peter
246109,rome,Via Giulia Charming & Cozy Apartment
246145,rome,Monti Amazing Family Apartment
362220,rome,St. Peter View
362232,rome,Vatican One Bedroom - Monte del gallo
362245,rome,St. Paul Basilica
362252,rome,St. Peter Suite
451184,rome,Superior Vatican
450738,rome,Messina Mondrian
246144,rome,Monti Beautiful Petit Clementine - 1 Bedroom Apartment in Colosseo
362239,rome,Vatican Domus Romae
451777,rome,Vatican Panorama
264695,rome,Amazing 1 Bedroom Apartment in Vaticano with Aircon - Vatican Luxury Loft
451017,rome,Il Tulipano Colosseo
362253,rome,Vatican Museum
442639,rome,Caracalla Area - Top Location - Stay All In
442652,rome,Testaccio Area - Great Location - Stay All In
451319,rome,Esedra
450706,rome,Donna Rossa
452048,rome,Passione Trastevere
452108,rome,Campo de' Fiori Vintage
452388,rome,Campo de' Fiori Gray
450682,rome,Campo De' Fiori Orange
451096,rome,Trastevere Belli
451363,rome,Domus Valentina
450684,rome,Bonheur Monti
451381,rome,Lucky Domus Appio
451107,rome,Trastevere Terrace C2
362233,rome,Domus Costanza
362237,rome,Vatican Dome
368696,rome,Zen Room Piazza Re di Roma B&B
368697,rome,Blue Room Piazza Re di Roma B&B
451270,rome,Terry's
451271,rome,Trastevere Sweet
451021,rome,Monte Farina
246143,rome,Beautiful Studio Castel Sant'Angelo
451016,rome,Saint Peter
451440,rome,Violet Suite
246117,rome,Cozy Elegant And Well Connected
450515,rome,Colosseo II
450516,rome,Dolce Albani
167139,rome,Cozy 1 Bedroom Apartment in San Lorenzo, Rome - Termini F
450633,rome,Sanniti
452150,rome,Colosseo Home
265335,rome,Family-friendly 2 Bedroom Apartment in Quartiere Portuense, Rome with Aircon and Parking
246103,rome,Trastevere Fantastic Terrace - 2 Bedroom Apartment
452131,rome,San Pietro Home
451171,rome,Monti Loft 2
452339,rome,Giulia Superior Suite III
452348,rome,Barberini Suite
451590,rome,The Crossroad
450887,rome,Otto House Roma
162383,rome,Vatican Panoramic 2 Bedroom
450574,rome,Tiburtino
362227,rome,Vatican Suite
362231,rome,Vatican Hill
144751,rome,Charming 1 Bedroom Apartment in Campo dei Fiori - Eligio Campo dei Fiori Rome
452225,rome,Germaxi
452182,rome,Suite Capitale
452534,rome,Caracalla
246100,rome,Colosseo Lovely Terrace 1 Bedroom Apartment
246150,rome,Compact 1 Bedroom Apartment in Colosseo with Aircon
451591,rome,Modern CLS
162304,rome,Ginnasi Terrace - 1 Bedroom Apartment in Campo Marzio
451111,rome,Vatican Giuliana
451224,rome,Crescenzio
452073,rome,Trastevere Joy
386685,rome,Lovely Apartment St Peter's
451625,rome,Monti Clementina
451438,rome,Sweet Colosseum
451452,rome,Vaticano Konstantin
362240,rome,Porta Pia
362247,rome,All You Need is Rome
452532,rome,Grand Urbana Duplex
452349,rome,San Giovanni Suite
264662,rome,Piazza Navona Luxury Terrace Apartment
451170,rome,Livia
451200,rome,Navona Boutique
451024,rome,Scala Duplex
451975,rome,Trastevere Luna
451322,rome,Gallo
451376,rome,Bernini Suite Studio
451232,rome,Holidays
452168,rome,One Step To Pantheon
450601,rome,Studios Tiburtina I
450941,rome,Studios Tiburtina II
450683,rome,Campo De' Fiori Black
451596,rome,La Maison du Cardinal
451852,rome,Giulia Superior Suite 1
451853,rome,Giulia Superior Suite II
451675,rome,Vaticano Cipro 1
452272,rome,Vatican Museum
450800,rome,Campani Red
452338,rome,Colosseum View Suite
452341,rome,Grande Monteverde
162486,rome,Elegant Suite Farnese
368698,rome,White Sand Suite Piazza Re di Roma B&B
386684,rome,Vatican City Apartment
257699,rome,Vintage Apartment Trastevere Station
246149,rome,Cozy 1 Bedroom Apartment in Trastevere  with Aircon
450780,rome,Vaticano Cipro 2
450871,rome,Vatican Deluxe
167148,rome,Agreeable Studio Apartment in Trastevere  with Aircon and Parking
162308,rome,Fantastic 2 Bedroom Apartment in Campo dei Fiori with Aircon
450929,rome,Vespasiano
451799,rome,Mattia Luminoso
451105,rome,Trastevere Terrace C1
451106,rome,Trastevere Terrace C3
451108,rome,Trastevere Terrace C5
451110,rome,Trastevere Bologna
451197,rome,Venezia Terrace
144752,rome,Intimate 1 Bedroom Apartment in Vaticano - Silveri Vatican Rome Studio
451976,rome,Trastevere Sole
406110,rome,Caracalla one bedroom
362226,rome,Gianicolense 2 Bedroom
167565,rome,Stylish Apartment - Piazza della Repubblica
246146,rome,John Cabot Uni Lovely Apartment
451601,rome,Portaportese
451201,rome,Sweet Trastevere
451022,rome,Piazza Navona Duplex
450783,rome,Classic Red
450544,rome,Rione Ponte
451378,rome,Lucky Domus Vatican
162370,rome,Sant'eligio Campo di Fiori - 1 Bedroom Apartment in Rome
362249,rome,Piazza Vittorio 3 Bedroom
362223,rome,Gianicolense 3 Bedroom
170397,rome,Trastevere Pure Jewel New Apartment
451878,rome,St Peter Lodge
452484,rome,Navona Penthouse Terrace
451020,rome,Grecia Antica
452342,rome,Casa Grotte
451582,rome,Modern D1
365266,rome,Trastevere Market Balcony Boutique Domus
451320,rome,Nazionale
362236,rome,St. Paul Basilica for Groups
451379,rome,Vatican Cool
452424,rome,Monteverde Garden
452179,rome,Nicolò V
167544,rome,Comfortable 1 Bedroom Apartment in Piazza Navona, Rome with Aircon
451240,rome,Marco
451241,rome,Trilussa House
265333,rome,Good-sized 1 Bedroom Apartment in Trastevere  with Aircon and Parking
265340,rome,Well-spaced 1 Bedroom Apartment in Trastevere  with Aircon and Parking
452345,rome,Babuino Steps
452171,rome,Domus B1
452172,rome,Domus B2
452173,rome,Domus B3
451112,rome,Navona Terrace
451113,rome,Navona Luxury Suite
451775,rome,Maria Maggiore
452337,rome,Principe Umberto
452340,rome,Gregorio VII
451836,rome,Grand Trevi Fountain
450870,rome,Cairoli
451167,rome,Eroi Bis
450914,rome,Degli Equi II
450956,rome,Vespucci
451284,rome,Monti Loft
162309,rome,Magna Grecia San Giovanni - 3 Bedroom Apartment in Esquilino, Rome
161997,rome,Pleasant Studio Apartment in Piazza Navona, Rome - Cancelleria Fashionable Loft
162007,rome,Welcoming 1 Bedroom Apartment in Piazza Di Spagna with Aircon
264693,rome,Capo le Case Elegant Apartment
264702,rome,Elegant Apartment Fontanella Borghese
451467,rome,Otto House Roma II
246102,rome,Welcoming 2 Bedroom Apartment in Monte Verde, Rome with Balcony - Lucio's Artistic Place
451597,rome,Lavinia Termini
450810,rome,Roman Walls I
450811,rome,Roman Walls II
450812,rome,Roman Walls III
362243,rome,Crescenzio 2 Bedroom
452238,rome,Suite Capitale Museum
451023,rome,Leopardo
246151,rome,Family-friendly 4 Bedroom Apartment in Trastevere  with Aircon
452536,rome,Stay Testaccio
419456,rome,Mantellate - Studio Apartment in Campo dei Fiori
451182,rome,Colisseum Labicana
451598,rome,Mantellate
451600,rome,Pianellari Loft
451773,rome,Bella Margutta
451776,rome,Margutta Studio
451842,rome,Diamond II
450867,rome,Ara Pacis Deluxe
450937,rome,Casilina
206355,rome,Fantastic 1 Bedroom Apartment in Campo Marzio with Aircon - Altieri Loft Pantheon
167543,rome,Great 2 Bedroom Apartment in Pantheon, Rome with Aircon
205952,rome,Comfortable Apartment Navona Square
169406,rome,Gallery Apartment in Colosseum
451518,rome,Colosseum Monti
440662,rome,Unique Navona Penthouse Terrace
452441,rome,Saint Peter Station II
451371,rome,Trastevere Belli II
451515,rome,Trilussa
450790,rome,Leopard Studio
451581,rome,Modern TPZ
419452,rome,Compact Studio Apartment in Piazza di Spagna with Aircon - Penna
337860,rome,Friendly 2 Bedroom Apartment in Colosseo with Aircon and Parking
450656,rome,Marrucini
450552,rome,Degli Equi I
450799,rome,Tiburtino Living
451199,rome,Farnese Suite
451770,rome,Scala Trastevere Loft
451783,rome,Monserrato Loft
451784,rome,Cartari Suite
451029,rome,Spanish Steps Piccolo
162054,rome,Unbeatable 1 Bedroom Apartment in Campo dei Fiori with Aircon
162066,rome,Vittoria Luxury Apartment Flavio 960B
162075,rome,Coppelle Terrace Lovely Apartment 7
162090,rome,Trastevere Panoramic Terrace Apartment
161982,rome,Good-sized 1 Bedroom Apartment in Campo dei Fiori - Reinassance Square View
162002,rome,Renzi Amazing Terrace
162005,rome,Ara Pacis Enchanting Apartment
264669,rome,Elegant Spanish Steps Flat
264674,rome,Elegant Trevi Fountain Apartment B
264689,rome,Ghetto Enchanting Terrace Apartment
264703,rome,Elegant Trevi Fountain Apartment A
162047,rome,Luxury Panoramic Terrace Campo dei Fiori
451172,rome,Celestino Suite
451028,rome,Sannio Terrace White
451818,rome,Testaccio
452344,rome,San Giovanni House
452346,rome,Testaccio 2
452347,rome,Attico Sannio
165846,rome,Spacious 2 Bedroom Apartment in Colosseo with Aircon and Balcony
337429,rome,Convenient Studio Apartment in Piazza Navona, Rome
264691,rome,Corso Charming Apartment
451987,rome,Trastevere Lovely House
452169,rome,Casa di Lucrezia
337660,rome,Large 1 Bedroom Apartment in Pantheon, Rome with Aircon
344448,rome,Short Stay in Rome Apartment Vatican
451109,rome,Trastevere Terrace C4
452422,rome,Piazza Venezia Penthouse
451584,rome,Modern LG1
451588,rome,Modern LP Loft
451849,rome,San Pietro Charme
451583,rome,Modern LG2
451231,rome,Suite Vaticano
451377,rome,Borromini Suite
451165,rome,Cupolone
451166,rome,Elisa
451169,rome,Flavia II
451449,rome,City Centre Popolo
450877,rome,Torlonia Deluxe
451183,rome,Romantic Vatican
451272,rome,Rione Ponte II
451019,rome,Atmosfere White
265336,rome,Navona Librari Apartment Boutique Domus
170419,rome,Trevi Enchanting Terrace 1 Bedroom Apartment
452044,rome,Trastevere Cuore Verde
162312,rome,Studio Chiavari
162313,rome,Amazing 1 Bedroom Apartment in Piazza di Spagna with Aircon - Mario dei Fiori Suite
162369,rome,Trastevere Loft Scala - 1 Bedroom Apartment in Rome
162296,rome,Beautiful 1 Bedroom Apartment in Campo dei Fiori with Aircon - Farnese Suite Campo di Fiori
162297,rome,Cappellari 2 - 1 Bedroom Apartment in Rome
162298,rome,Cappellari 3 - 1 Bedroom Apartment in Rome
162299,rome,Awesome 1 Bedroom Apartment in Campo dei Fiori with Aircon
162300,rome,Fantastic 1 Bedroom Apartment in Campo dei Fiori
162303,rome,Margutta Studio Apartment - Spanish Steps
244997,rome,Super 1 Bedroom Apartment in Trastevere - Trilussa
162315,rome,Colosseo Labicana - 2 Bedroom Apartment in Rome
362251,rome,Aventino-Testaccio Sibilla-Bis
362224,rome,Sibilla 3 Bedroom
162310,rome,Piazza Navona Suite - 3 Bedroom Apartment in Piazza Navona
450623,rome,Viale Vaticano
162306,rome,Pleasant 1 Bedroom Apartment in Esquilino, Rome with Aircon
162307,rome,Attico Sannio 2
347522,rome,Luxury Apartment Colosseum
264653,rome,Trastevere Panorama Apartment
452524,rome,Julia Domus
187735,rome,Smart Studio Apartment Campo de’ Fiori
167012,rome,Trastevere G - 2 Bedroom Apartment in Roma
451589,rome,Modern SPH
451756,rome,Vaticano Moderno
451782,rome,Borgo Pio
452043,rome,Collina Verde Trastevere
452440,rome,Saint Peter Station I
241309,rome,Amazing Roof Terrace Colosseum
162030,rome,Cancelleria Enchanting Studio Loft
453379,rome,Vittoria Terrace
452402,rome,Vaticano Giuliana Deluxe
452178,rome,Vaticano Giuliana Suite
451755,rome,Gran Terrazza Navona
451453,rome,Trastevere Garden
167136,rome,Termini B - 1 Bedroom Apartment in Rome
337663,rome,Beautiful 1 Bedroom Apartment in Trastevere  with Aircon
347541,rome,Design Apartment Colosseum - 1 Bedroom Apartment in Rome
265334,rome,Accessible 1 Bedroom Apartment in Campo dei Fiori with Aircon and Balcony
451336,rome,Navona Romantic Roof Loft
452421,rome,Trastevere Heart
187449,rome,Lovely 1 Bedroom Apartment in Villa Borghese with Aircon, Parking, and Balcony
265337,rome,Castel Bright Boutique Domus - 1 Bedroom in Quartiere Portuense, Rome
338739,rome,Eagle Eye
203468,rome,Wonderful 1 Bedroom Apartment in Colosseo with Aircon - Monti Residence 4
162062,rome,Trastevere Amazing Panoramic Apartment
188275,rome,Panieri Cute 1 Bedroom Apartment
161968,rome,Colosseo Terrace Apartment
264652,rome,Borgo Pio Panoramic Apartment
264677,rome,Luxury Modern Design Apartment
452535,rome,Sant Angelo Bridge
419454,rome,Casa Marmorata - 2 Bedroom Apartment in Testaccio, Rome
451791,rome,Romolo Borgo Pio
451342,rome,Fienaroli
209541,rome,Pleasant 1 Bedroom Apartment in Pantheon, Rome with Aircon
445134,rome,Rome Unique Grand Urbana Duplex 2 Bedroom
187673,rome,Cozy Apartment, Colosseum
451771,rome,Piccolo Chiavari
451772,rome,Cappellari 5
451025,rome,Cappellari 73 Yellow
451026,rome,Cappellari 73 Green
451027,rome,Cappellari 73 White
428434,rome,Santissimi Quattro
161831,rome,Campo de Fiori Superb Apartment
161832,rome,Coppelle Stylish Apartment 1
161835,rome,Great 1 Bedroom Apartment in Pantheon, Rome with Aircon - Coppelle Romantic Apartment
161966,rome,Benedetta Terrace Apartment
264657,rome,Palazzo Cenci Elegant Apartment
264670,rome,Spacious 1 Bedroom Apartment in Colosseo with Aircon
167902,rome,Piazza Navona Luxury One Bedroom Apartment
264684,rome,Navona Elegant 1 Bedroom Apartment
419455,rome,Zanardelli - 1 Bedroom Apartment in Piazza Navona, Rome
451173,rome,San Eligio
452350,rome,Terrace Dream
164149,rome,Charming 1 Bedroom Apartment in Campo dei Fiori with Aircon and Balcony - Campo dè Fiori
164163,rome,Well-spaced 1 Bedroom Apartment in Vaticano - Eroi Bis
337217,rome,Parione - 1 Bedroom Apartment in Piazza Navona, Rome
162050,rome,Orso Amazing Elegant Apartment
162069,rome,Panoramic Breathtaking View Argentina
169844,rome,Palazzo Balestra Luxury Apartment
161975,rome,Pellegrino 1 Bedroom Apartment Lovely Terrace
264650,rome,Panoramic Terrace Trastevere
161996,rome,Elegant Spanish Steps Apartment
264656,rome,Monteverde Bright Apartment
264661,rome,Fantastic 1 Bedroom Apartment in Piazza Di Spagna - Popolo Family Suite
264665,rome,Spanish Steps Elegant Apartment
264666,rome,Trevi Fountain Terrace 1 Bedroom Apartment
162020,rome,Banchi Nuovi Elegant Loft
167147,rome,Trastevere E - 1 Bedroom Apartment in Trastevere
451501,rome,Trevi Fountain
347476,rome,Trendy Apartment Piazza del Popolo
364004,rome,Ideal Apartment Navona Square
362228,rome,Via Veneto 3 Bedroom
442664,rome,S. Angelo Bridge - Super Central - STAY ALL IN
451780,rome,Giulia Town House
451018,rome,Piazza Navona Relais
161974,rome,Villa Fortuny Esquilino Apartment
162004,rome,Marco Aurelio Two Bedroom Apartment
162009,rome,Navona Apartment Panoramic Terrace
264696,rome,Great 1 Bedroom Apartment in Pantheon, Rome - Apartment Condotti Terrace
368699,rome,Well-appointed 3 Bedroom Apartment in Piazza Navona, Rome with Aircon
246116,rome,Incredible 2 Bedroom Apartment in Campo dei Fiori with Aircon and Parking
210952,rome,Casa delle Coppelle Appartamento 3
170420,rome,St. Peter Prestigious Family Apartment
247042,rome,Urban Superior Colosseum Monti - 1 Bedroom Apartment in Rome
337219,rome,Friendly 1 Bedroom Apartment in Trastevere  with Aircon - Leopardo
452401,rome,Meda Living
452429,rome,Trastevere Balcony
162063,rome,Governo Vecchio Luxury Modern Apartment
161971,rome,Trastevere Lovely Apartment
161989,rome,Spagnoli Quiet Apartment 2
162003,rome,Campo dei Fiori Charming Apartment
162006,rome,Charming 1 Bedroom Apartment in Colosseo - Madonna dei Monti Panoramic Terraceoriginal
162017,rome,Spagnoli Quiet Apartment
264676,rome,Welcoming Studio Apartment in Colosseo - Panoramic Loft Fori Imperiali
264683,rome,Apartment Spanish Steps
451168,rome,Flavia I
337426,rome,Gesù 1 Apartment
210951,rome,Good-sized 2 Bedroom Apartment in Pantheon, Rome - Casa Delle Coppelle Appartamento 2
209542,rome,Casa della Rotonda Roof terrace - 2 Bedroom Apartment in Pantheon, Rome
167135,rome,Pleasant 1 Bedroom Apartment in San Lorenzo, Rome with Aircon and Parking - Termini A
166994,rome,Intimate 1 Bedroom Apartment in Trastevere  with Aircon
161983,rome,Villa Fortuny Aventino Apartment
362235,rome,Gianicolense 5 Bedroom
337487,rome,Convenient Studio Apartment in Pantheon, Rome with Aircon
337760,rome,Well-appointed 1 Bedroom Apartment in Campo dei Fiori with Balcony
451354,rome,The Heart of Rome
338525,rome,Charming 1 Bedroom Apartment in Pantheon, Rome with Aircon
451781,rome,Gran Vista Colosseum
451401,rome,Monti Loft 1
391218,rome,Rome - Charming Apartment Campo dei Fiori R
162064,rome,Vittoria Luxury  Apartment Caligola 160
191704,rome,Pantheon Spanish Steps 2 Bedroom Rome
452526,rome,Julia Domus Angels
452041,rome,San Pietro Monteverde
164165,rome,Livia - 1 Bedroom Apartment in Rome
161826,rome,3 Bedroom Apartment - Luxury Spanish Steps Terrace
337861,rome,Domus Antiqua - 1 Bedroom Apartment in Rome
166998,rome,Cozy 1 Bedroom Apartment in Vaticano - Vaticano A
206315,rome,Fantastic 2 Bedroom Apartment in Piazza di Spagna - Lucina Spanish Steps Rome
389048,rome,Giubbonari Pietro Apartment
389049,rome,Giubbonari Lotus - 1 Bedroom Apartment in Campo dei Fiori
419453,rome,Domus Papa - 2 Bedroom Apartment in Vaticano
162000,rome,Acquario Hi Tech Apartment
167132,rome,Vaticano C - 1 Bedroom Apartment in Rome
167142,rome,Beautiful 1 Bedroom Apartment in San Lorenzo, Rome with Parking
264654,rome,Luxury Navona Penthouse
161824,rome,Campo dei Fiori Luxury Terrace Apartment
161827,rome,Trastevere Panoramic Luxury Terrace
161829,rome,Piazza Navona Lancellotti 2 Bedroom Apartment
161830,rome,Enchanting 2 Bedroom Apartment in Campo Dei Fiori
162086,rome,Elegant Bright Apartment with 2 Bedroom in Fori Imperiali
161963,rome,Vatican Comfortable Sunny Apartment
161979,rome,Elegant  Bright  Apartment Vatican
161987,rome,Welcoming 2 Bedroom Apartment in Colosseo with Aircon
161990,rome,Lovely Apartment Trastevere
161992,rome,2 Bedroom Apartment in Rome
264649,rome,Piazza Navona Breathtaking View - 2 Bedroom Apartment in Piazza Navona, Rome
161993,rome,St. Peter Wonderful View Apartment
264655,rome,Fori Imperiali Hi-Tech Luxury Flat
161999,rome,Lovely 2 Bedroom Apartment in Pantheon, Rome with Aircon - Coppelle
162001,rome,Elegant Apartment Campo dei Fiori
161754,rome,Coppelle Elegant Apartment 4
162011,rome,Enchanting Apartment Giulia View
161756,rome,Stunning 2 Bedroom Apartment in Piazza Navona, Rome with Aircon
161758,rome,Piazza Navona Charming 2 BedroomApartment
264671,rome,Barberini Luxury Terrace Apartment
264672,rome,Corso Central Two Bedroom Apartment
161760,rome,Campo dei Fiori Bright Apartment
264687,rome,Charming 2 Bedroom Apartment in Piazza Navona, Rome with Aircon
264688,rome,Amazing 2 Bedroom Apartment in Piazza di Spagna - Corso Central Apartment
162033,rome,Elegant Campo Dei Fiori Apartment
264690,rome,Trevi Fountain Apartment
162036,rome,Giulia Stylish Enchanting Apartment
264699,rome,Barberini Terrace Apartment
203447,rome,Cupola - 3 Bedroom Apartment in Rome
167134,rome,2 Bedroom Apartment in Rome
167138,rome,Welcoming 2 Bedroom Apartment in San Lorenzo, Rome - Termini D
144773,rome,Awesome 2 Bedroom Apartment in Colosseo with Aircon and Parking
167133,rome,Vaticano D - 1 Bedroom Apartment in Rome
337490,rome,Vacche Alberto - 1 Bedroom Apartment in Piazza Navona, Rome
171070,rome,3 Bedroom Apartment in Rome
161836,rome,Spanish Steps Luxury Apartment
348555,rome,Minerva 4
169574,rome,1 Bedroom Apartment in Piazza Navona, Rome - Amazing Terrace
162018,rome,Pallaro Terrace Stunning View
167140,rome,Large 1 Bedroom Apartment in San Lorenzo, Rome with Aircon, Parking, and Balcony
171071,rome,Marvellous 4 Bedroom Apartment in Campo dei Fiori - Baullari
203454,rome,Incredible 3 Bedroom Apartment in Campo dei Fiori - Arenula
187451,rome,Goethe - Villa Fortuny - 4 Bedroom Apartment in Rome
428430,rome,Modena
264673,rome,Palazzo Gaetani Lovatelli Luxury Apartment
166999,rome,Trastevere 10 - 2 Bedroom Apartment in Trastevere
164171,rome,Torlonia Deluxe - 2 Bedroom Apartment in Rome
188277,rome,Giulia Luxury Apartment
161753,rome,3 Bedroom Apartment in Campo Marzio - Apartment Luxury Pantheon
162015,rome,3 Bedroom Apartment in Villa Borghese with Aircon - Dolce Vita Luxury Terrace
162048,rome,Dolce Vita Elegant Two Bedroom
162094,rome,Trevi Fountain Elegant Two Bedroom
162143,rome,Villa Fortuny Borghetto Apartment
161973,rome,Farnese Stylish Apartment
161757,rome,Campo de Fiori Enchanting Terrace - 2 Bedroom in Piazza Navona
167903,rome,Ara Pacis Elegant Panoramic Apartment
264675,rome,Well-spaced 2 Bedroom Apartment in Esquilino, Rome with Aircon
264692,rome,Apartment Charming Sistina
264697,rome,Spanish Steps Panoramic Apartment
452026,rome,Piazza di Spagna Loft
161972,rome,Giulia Penthouse Apartment
167904,rome,Coronari Terrace With Amazing View - 2 Bedroom in Piazza Navona
161980,rome,Villa Fortuny Campidoglio Apartment
171067,rome,Perfect 5 Bedroom Apartment in Piazza Navona, Rome with Aircon - Anima
389045,rome,Giubbonari 3 - 2 Bedroom Apartment in Campo dei Fiori
209555,rome,Casa delle coppelle appartamento 4
346051,rome,Navona Pantheon Terrace 2 Bedroom Rome
167137,rome,Termini C - 2 Bedroom Apartment in Rome
144748,rome,Dandolo Trastevere Terrace
167145,rome,Trastevere A -  3 Bedroom Apartment in Trastevere
171068,rome,Frattina - 4 Bedroom Apartment in Rome
161967,rome,3 Bedroom Apartment - Fori Imperiali Breathtaking View
264700,rome,Wonderful 3 Bedroom Apartment in Piazza di Spagna - Popolo Terrace Apartment
187671,rome,Ambrose - 3 Bedroom Apartment in Villa Borghese
166996,rome,Spacious 1 Bedroom Apartment in Trastevere  with Aircon
161828,rome,Large 2 Bedroom Apartment in Campo Marzio with Aircon
264668,rome,Lucina Wonderful View 2 Bedroom Apartment in Piazza di Spagna
161759,rome,Trevi Fountain Luxury Terrace - 2 Bedroom Apartment
162035,rome,Piazza Navona Contemporary Luxury Terrace
164147,rome,Ara Pacis - 1 Bedroom Apartment in Rome
244145,rome,Beautiful 2 Bedroom Apartment - Trevi Fountain to Spanish Steps Rome
264664,rome,Fine 2 Bedroom Apartment in Villa Borghese with Aircon - Luxury Panoramic Terrace Prati
264698,rome,Palazzo Lancellotti Luxury Apartment
247039,rome,Capo di Ferro - 5 Bedroom Apartment in Rome
393273,rome,Villa Fiera - 3 Bedroom House in Quartiere Portuense, Rome
161998,rome,Trastevere Luxury Large Apartment
389046,rome,Perfect 2 Bedroom Apartment in Campo dei Fiori with Aircon
162060,rome,Bocca di Leone Luxury Three Bedroom Apartment
248022,rome,Vaticano 1 - 4 Bedroom Apartment in Rome
167141,rome,Termini G - 2 Bedroom Apartment in Rome
186867,rome,Excellent 3 Bedroom Apartment in Trevi, Rome with Aircon
451774,rome,Montserrato di Fiori
144749,rome,Rome Cavour Colosseum 3 Bedroom
167566,rome,Beautiful Apartment - St. Peter
161965,rome,Spanish Steps Stylish Apartment Carrozze
164156,rome,Vespasiano - 3 Bedroom Apartment in Rome
167146,rome,Charming 3 Bedroom Apartment in Trastevere  with Aircon, Parking, and Balcony
162014,rome,Margutta Luxury Terrace
144756,rome,Spanish Steps Terrace Jacuzzi - 1 Bedroom Apartment in Rome
161755,rome,Luxury Apartment Fori Imperiali
161985,rome,Villa Fortuny Celio Upperfloor
162031,rome,Pantheon Large Comfortable Apartment
144747,rome,5 Bedroom Apartment - Colosseum Imperiali View Rome
337428,rome,Spacious 2 Bedroom Apartment in Piazza Navona, Rome with Aircon - Teatro Pace
162311,rome,Piazza Navona Relais - 4 Bedroom Apartment in Rome
171027,rome,Large Elegant Apartment Piazza Navona
161825,rome,Campo de Fiori Luxury 4 Bedroom  House
161834,rome,Ara Pacis Terrace Large 4 Bedroom Apartment
171050,rome,Piazza Navona Large Panoramic Apartment
162008,rome,Trastevere Terrace Wide 4 Bedroom Apartment
162012,rome,Villa Fortuny Cesare Apartment
167131,rome,Trastevere 6 - 4 Bedroom Apartment in Rome
161988,rome,Villa Fortuny Quirinale Apartment
161986,rome,Villa Fortuny Viminale Upperfloor
167130,rome,Super 2 Bedroom Apartment in Vaticano with Aircon and Parking - Vaticano B
417760,rome,Grand Trevi Fountain Rome
161833,rome,Bernini Luxury Panoramic Apartment
162010,rome,Amazing 3 Bedroom Apartment in Campo Marzio with Aircon -  Navona Luxury Terrace
169978,rome,Incredible 4 Bedroom Apartment in Esquilino, Rome with Aircon - Termini 2
162059,rome,Bocca di Leone Luxury Two Bedroom Apartment
162067,rome,Bocca di Leone Luxury Large Apartment
451246,rome,Castelfidardo