Page 5,8 RM properties
Page 6,12 RM properties
Page 7,14 RM properties
Page 8,14 RM properties
Page 9,15 RM properties
Page 10,9 RM properties
Page 11,13 RM properties
Page 12,10 RM properties
Page 13,11 RM properties
Page 14,10 RM properties
Page 15,10 RM properties
Page 16,8 RM properties
Page 17,7 RM properties
Page 19,1 RM properties
Page 20,6 RM properties
Page 21,7 RM properties
Page 22,4 RM properties
Page 23,4 RM properties
Page 24,5 RM properties
Page 25,3 RM properties
Page 26,1 RM properties
Page 27,2 RM properties
Page 28,2 RM properties
Page 30,2 RM properties
Page 31,1 RM properties
Page 32,1 RM properties
Page 33,2 RM properties
Page 34,1 RM properties
Page 35,1 RM properties
Page 40,1 RM properties
Page 41,1 RM properties
Page 43,1 RM properties
Page 45,2 RM properties
Page 47,1 RM properties
Page 48,1 RM properties
Page 49,1 RM properties
Page 50,1 RM properties
Page 51,1 RM properties
Page 53,1 RM properties
Page 55,1 RM properties
Page 57,1 RM properties
Page 73,10 RM properties
Page 74,13 RM properties
Page 77,1 RM properties
Page 78,4 RM properties
Page 79,1 RM properties
Page 85,1 RM properties
Page 89,1 RM properties
Page 91,1 RM properties
Page 93,1 RM properties
Page 282,1 RM properties
Not Found,293 RM properties
