Page 61,7 RM properties
Page 62,15 RM properties
Page 63,15 RM properties
Page 64,13 RM properties
Page 65,14 RM properties
Page 66,12 RM properties
Page 67,18 RM properties
Page 68,15 RM properties
Page 69,16 RM properties
Page 71,4 RM properties
Page 72,7 RM properties
Page 73,12 RM properties
Page 74,13 RM properties
Page 75,13 RM properties
Page 76,16 RM properties
Page 77,14 RM properties
Page 78,2 RM properties
Page 85,1 RM properties
Page 87,1 RM properties
Page 90,1 RM properties
Page 91,1 RM properties
Page 92,5 RM properties
Page 93,3 RM properties
Page 94,4 RM properties
Page 95,4 RM properties
Page 96,2 RM properties
Page 97,2 RM properties
Page 99,1 RM properties
Not Found,295 RM properties
