246147,St. Peter Awesome Family Apartment,69
246109,Via Giulia Charming & Cozy Apartment,71
246145,Monti Amazing Family Apartment,72
362220,St. Peter View,69
362232,Vatican One Bedroom - Monte del gallo,65
362245,St. Paul Basilica,72
362252,St. Peter Suite,75
246144,Monti Beautiful Petit Clementine - 1 Bedroom Apartment in Colosseo,83
362239,Vatican Domus Romae,77
264695,Amazing 1 Bedroom Apartment in Vaticano with Aircon - Vatican Luxury Loft,71
442639,Caracalla Area - Top Location - Stay All In,68
442652,Testaccio Area - Great Location - Stay All In,63
368696,Zen Room Piazza Re di Roma B&B,62
368697,Blue Room Piazza Re di Roma B&B,77
246143,Beautiful Studio Castel Sant'Angelo,74
246117,Cozy Elegant And Well Connected,71
246103,Trastevere Fantastic Terrace - 2 Bedroom Apartment,73
162383,Vatican Panoramic 2 Bedroom,72
246100,Colosseo Lovely Terrace 1 Bedroom Apartment,74
162304,Ginnasi Terrace - 1 Bedroom Apartment in Campo Marzio,62
362240,Porta Pia,73
264662,Piazza Navona Luxury Terrace Apartment,63
162486,Elegant Suite Farnese,68
368698,White Sand Suite Piazza Re di Roma B&B,75
386684,Vatican City Apartment,70
257699,Vintage Apartment Trastevere Station,62
246149,Cozy 1 Bedroom Apartment in Trastevere  with Aircon,73
167148,Agreeable Studio Apartment in Trastevere  with Aircon and Parking,78
406110,Caracalla one bedroom,73
362226,Gianicolense 2 Bedroom,73
162370,Sant'eligio Campo di Fiori - 1 Bedroom Apartment in Rome,74
362249,Piazza Vittorio 3 Bedroom,67
170397,Trastevere Pure Jewel New Apartment,70
365266,Trastevere Market Balcony Boutique Domus,69
362236,St. Paul Basilica for Groups,63
265333,Good-sized 1 Bedroom Apartment in Trastevere  with Aircon and Parking,65
265340,Well-spaced 1 Bedroom Apartment in Trastevere  with Aircon and Parking,70
162007,Welcoming 1 Bedroom Apartment in Piazza Di Spagna with Aircon,69
264702,Elegant Apartment Fontanella Borghese,64
362243,Crescenzio 2 Bedroom,78
246151,Family-friendly 4 Bedroom Apartment in Trastevere  with Aircon,73
206355,Fantastic 1 Bedroom Apartment in Campo Marzio with Aircon - Altieri Loft Pantheon,70
205952,Comfortable Apartment Navona Square,67
169406,Gallery Apartment in Colosseum,63
440662,Unique Navona Penthouse Terrace,64
419452,Compact Studio Apartment in Piazza di Spagna with Aircon - Penna,72
337860,Friendly 2 Bedroom Apartment in Colosseo with Aircon and Parking,65
162054,Unbeatable 1 Bedroom Apartment in Campo dei Fiori with Aircon,97
162066,Vittoria Luxury Apartment Flavio 960B,94
162075,Coppelle Terrace Lovely Apartment 7,94
162090,Trastevere Panoramic Terrace Apartment,67
161982,Good-sized 1 Bedroom Apartment in Campo dei Fiori - Reinassance Square View,75
162002,Renzi Amazing Terrace,66
264669,Elegant Spanish Steps Flat,95
264674,Elegant Trevi Fountain Apartment B,75
264689,Ghetto Enchanting Terrace Apartment,62
264703,Elegant Trevi Fountain Apartment A,62
162047,Luxury Panoramic Terrace Campo dei Fiori,75
264691,Corso Charming Apartment,73
265336,Navona Librari Apartment Boutique Domus,61
162312,Studio Chiavari,74
162313,Amazing 1 Bedroom Apartment in Piazza di Spagna with Aircon - Mario dei Fiori Suite,72
162369,Trastevere Loft Scala - 1 Bedroom Apartment in Rome,62
162296,Beautiful 1 Bedroom Apartment in Campo dei Fiori with Aircon - Farnese Suite Campo di Fiori,75
162298,Cappellari 3 - 1 Bedroom Apartment in Rome,77
162299,Awesome 1 Bedroom Apartment in Campo dei Fiori with Aircon,69
162300,Fantastic 1 Bedroom Apartment in Campo dei Fiori,65
162303,Margutta Studio Apartment - Spanish Steps,75
244997,Super 1 Bedroom Apartment in Trastevere - Trilussa,63
162315,Colosseo Labicana - 2 Bedroom Apartment in Rome,76
362251,Aventino-Testaccio Sibilla-Bis,67
362224,Sibilla 3 Bedroom,68
162310,Piazza Navona Suite - 3 Bedroom Apartment in Piazza Navona,64
162307,Attico Sannio 2,73
347522,Luxury Apartment Colosseum,61
264653,Trastevere Panorama Apartment,63
187735,Smart Studio Apartment Campo de’ Fiori,64
167012,Trastevere G - 2 Bedroom Apartment in Roma,72
241309,Amazing Roof Terrace Colosseum,66
162030,Cancelleria Enchanting Studio Loft,95
337663,Beautiful 1 Bedroom Apartment in Trastevere  with Aircon,68
347541,Design Apartment Colosseum - 1 Bedroom Apartment in Rome,63
338739,Eagle Eye,65
203468,Wonderful 1 Bedroom Apartment in Colosseo with Aircon - Monti Residence 4,65
162062,Trastevere Amazing Panoramic Apartment,64
188275,Panieri Cute 1 Bedroom Apartment,95
264677,Luxury Modern Design Apartment,61
445134,Rome Unique Grand Urbana Duplex 2 Bedroom,63
428434,Santissimi Quattro,71
161831,Campo de Fiori Superb Apartment,62
161832,Coppelle Stylish Apartment 1,73
161966,Benedetta Terrace Apartment,95
264657,Palazzo Cenci Elegant Apartment,74
264670,Spacious 1 Bedroom Apartment in Colosseo with Aircon,94
167902,Piazza Navona Luxury One Bedroom Apartment,62
264684,Navona Elegant 1 Bedroom Apartment,68
164149,Charming 1 Bedroom Apartment in Campo dei Fiori with Aircon and Balcony - Campo dè Fiori,93
164163,Well-spaced 1 Bedroom Apartment in Vaticano - Eroi Bis,65
162050,Orso Amazing Elegant Apartment,86
169844,Palazzo Balestra Luxury Apartment,72
161975,Pellegrino 1 Bedroom Apartment Lovely Terrace,95
161996,Elegant Spanish Steps Apartment,93
264656,Monteverde Bright Apartment,88
264661,Fantastic 1 Bedroom Apartment in Piazza Di Spagna - Popolo Family Suite,95
264666,Trevi Fountain Terrace 1 Bedroom Apartment,74
162020,Banchi Nuovi Elegant Loft,70
167147,Trastevere E - 1 Bedroom Apartment in Trastevere,63
364004,Ideal Apartment Navona Square,62
162004,Marco Aurelio Two Bedroom Apartment,71
246116,Incredible 2 Bedroom Apartment in Campo dei Fiori with Aircon and Parking,74
210952,Casa delle Coppelle Appartamento 3,71
170420,St. Peter Prestigious Family Apartment,67
247042,Urban Superior Colosseum Monti - 1 Bedroom Apartment in Rome,71
161971,Trastevere Lovely Apartment,94
162003,Campo dei Fiori Charming Apartment,91
162017,Spagnoli Quiet Apartment,94
264676,Welcoming Studio Apartment in Colosseo - Panoramic Loft Fori Imperiali,62
264683,Apartment Spanish Steps,64
166994,Intimate 1 Bedroom Apartment in Trastevere  with Aircon,62
161983,Villa Fortuny Aventino Apartment,93
362235,Gianicolense 5 Bedroom,67
337760,Well-appointed 1 Bedroom Apartment in Campo dei Fiori with Balcony,76
391218,Rome - Charming Apartment Campo dei Fiori R,63
162064,Vittoria Luxury  Apartment Caligola 160,93
161826,3 Bedroom Apartment - Luxury Spanish Steps Terrace,73
337861,Domus Antiqua - 1 Bedroom Apartment in Rome,63
166998,Cozy 1 Bedroom Apartment in Vaticano - Vaticano A,75
389049,Giubbonari Lotus - 1 Bedroom Apartment in Campo dei Fiori,74
162000,Acquario Hi Tech Apartment,61
264654,Luxury Navona Penthouse,64
161824,Campo dei Fiori Luxury Terrace Apartment,61
161827,Trastevere Panoramic Luxury Terrace,62
161830,Enchanting 2 Bedroom Apartment in Campo Dei Fiori,70
162086,Elegant Bright Apartment with 2 Bedroom in Fori Imperiali,70
161963,Vatican Comfortable Sunny Apartment,75
161987,Welcoming 2 Bedroom Apartment in Colosseo with Aircon,69
161990,Lovely Apartment Trastevere,64
161992,2 Bedroom Apartment in Rome,61
161993,St. Peter Wonderful View Apartment,70
264655,Fori Imperiali Hi-Tech Luxury Flat,62
162001,Elegant Apartment Campo dei Fiori,94
161754,Coppelle Elegant Apartment 4,66
161758,Piazza Navona Charming 2 BedroomApartment,75
264671,Barberini Luxury Terrace Apartment,64
264672,Corso Central Two Bedroom Apartment,75
264688,Amazing 2 Bedroom Apartment in Piazza di Spagna - Corso Central Apartment,62
162033,Elegant Campo Dei Fiori Apartment,73
264699,Barberini Terrace Apartment,76
144773,Awesome 2 Bedroom Apartment in Colosseo with Aircon and Parking,74
167133,Vaticano D - 1 Bedroom Apartment in Rome,75
171070,3 Bedroom Apartment in Rome,77
161836,Spanish Steps Luxury Apartment,69
162018,Pallaro Terrace Stunning View,74
187451,Goethe - Villa Fortuny - 4 Bedroom Apartment in Rome,64
428430,Modena,64
264673,Palazzo Gaetani Lovatelli Luxury Apartment,73
166999,Trastevere 10 - 2 Bedroom Apartment in Trastevere,61
161753,3 Bedroom Apartment in Campo Marzio - Apartment Luxury Pantheon,65
162015,3 Bedroom Apartment in Villa Borghese with Aircon - Dolce Vita Luxury Terrace,66
162048,Dolce Vita Elegant Two Bedroom,61
162094,Trevi Fountain Elegant Two Bedroom,64
161973,Farnese Stylish Apartment,93
161757,Campo de Fiori Enchanting Terrace - 2 Bedroom in Piazza Navona,73
167903,Ara Pacis Elegant Panoramic Apartment,64
264692,Apartment Charming Sistina,67
167904,Coronari Terrace With Amazing View - 2 Bedroom in Piazza Navona,71
161980,Villa Fortuny Campidoglio Apartment,77
389045,Giubbonari 3 - 2 Bedroom Apartment in Campo dei Fiori,69
209555,Casa delle coppelle appartamento 4,69
346051,Navona Pantheon Terrace 2 Bedroom Rome,67
167137,Termini C - 2 Bedroom Apartment in Rome,72
144748,Dandolo Trastevere Terrace,65
167145,Trastevere A -  3 Bedroom Apartment in Trastevere,78
171068,Frattina - 4 Bedroom Apartment in Rome,65
161967,3 Bedroom Apartment - Fori Imperiali Breathtaking View,64
264700,Wonderful 3 Bedroom Apartment in Piazza di Spagna - Popolo Terrace Apartment,73
187671,Ambrose - 3 Bedroom Apartment in Villa Borghese,68
166996,Spacious 1 Bedroom Apartment in Trastevere  with Aircon,69
161759,Trevi Fountain Luxury Terrace - 2 Bedroom Apartment,65
162035,Piazza Navona Contemporary Luxury Terrace,74
244145,Beautiful 2 Bedroom Apartment - Trevi Fountain to Spanish Steps Rome,63
264664,Fine 2 Bedroom Apartment in Villa Borghese with Aircon - Luxury Panoramic Terrace Prati,87
161998,Trastevere Luxury Large Apartment,74
389046,Perfect 2 Bedroom Apartment in Campo dei Fiori with Aircon,63
162060,Bocca di Leone Luxury Three Bedroom Apartment,62
248022,Vaticano 1 - 4 Bedroom Apartment in Rome,63
167141,Termini G - 2 Bedroom Apartment in Rome,63
144749,Rome Cavour Colosseum 3 Bedroom,71
161965,Spanish Steps Stylish Apartment Carrozze,92
164156,Vespasiano - 3 Bedroom Apartment in Rome,75
162014,Margutta Luxury Terrace,72
144756,Spanish Steps Terrace Jacuzzi - 1 Bedroom Apartment in Rome,70
161755,Luxury Apartment Fori Imperiali,71
161985,Villa Fortuny Celio Upperfloor,63
162311,Piazza Navona Relais - 4 Bedroom Apartment in Rome,68
171027,Large Elegant Apartment Piazza Navona,68
161825,Campo de Fiori Luxury 4 Bedroom  House,68
161834,Ara Pacis Terrace Large 4 Bedroom Apartment,66
171050,Piazza Navona Large Panoramic Apartment,64
162008,Trastevere Terrace Wide 4 Bedroom Apartment,65
162012,Villa Fortuny Cesare Apartment,94
167131,Trastevere 6 - 4 Bedroom Apartment in Rome,62
161986,Villa Fortuny Viminale Upperfloor,64
167130,Super 2 Bedroom Apartment in Vaticano with Aircon and Parking - Vaticano B,61
417760,Grand Trevi Fountain Rome,74
161833,Bernini Luxury Panoramic Apartment,65
162010,Amazing 3 Bedroom Apartment in Campo Marzio with Aircon -  Navona Luxury Terrace,77
162059,Bocca di Leone Luxury Two Bedroom Apartment,68
162067,Bocca di Leone Luxury Large Apartment,69
338741,Penthouse + Eagle Eye Attic Combo,Not Found
450791,Ruby,Not Found
170398,Mazzini Square Central Renewed Apartment,Not Found
451375,Lucky Domus Esquilino,Not Found
452423,San Giovanni View,Not Found
246118,Trastevere Lovely Terrace Apartment,Not Found
451361,Marcello,Not Found
452167,Trastevere Great Beauty,Not Found
452336,Campo di Fiori Residence,Not Found
451594,Behind St.Peter,Not Found
451184,Superior Vatican,Not Found
450738,Messina Mondrian,Not Found
451777,Vatican Panorama,Not Found
451017,Il Tulipano Colosseo,Not Found
362253,Vatican Museum,Not Found
451319,Esedra,Not Found
450706,Donna Rossa,Not Found
452048,Passione Trastevere,Not Found
452108,Campo de' Fiori Vintage,Not Found
452388,Campo de' Fiori Gray,Not Found
450682,Campo De' Fiori Orange,Not Found
451096,Trastevere Belli,Not Found
451363,Domus Valentina,Not Found
450684,Bonheur Monti,Not Found
451381,Lucky Domus Appio,Not Found
451107,Trastevere Terrace C2,Not Found
362233,Domus Costanza,Not Found
362237,Vatican Dome,Not Found
451270,Terry's,Not Found
451271,Trastevere Sweet,Not Found
451021,Monte Farina,Not Found
451016,Saint Peter,Not Found
451440,Violet Suite,Not Found
450515,Colosseo II,Not Found
450516,Dolce Albani,Not Found
167139,Cozy 1 Bedroom Apartment in San Lorenzo,Not Found
450633,Sanniti,Not Found
452150,Colosseo Home,Not Found
265335,Family-friendly 2 Bedroom Apartment in Quartiere Portuense,Not Found
452131,San Pietro Home,Not Found
451171,Monti Loft 2,Not Found
452339,Giulia Superior Suite III,Not Found
452348,Barberini Suite,Not Found
451590,The Crossroad,Not Found
450887,Otto House Roma,Not Found
450574,Tiburtino,Not Found
362227,Vatican Suite,Not Found
362231,Vatican Hill,Not Found
144751,Charming 1 Bedroom Apartment in Campo dei Fiori - Eligio Campo dei Fiori Rome,Not Found
452225,Germaxi,Not Found
452182,Suite Capitale,Not Found
452534,Caracalla,Not Found
246150,Compact 1 Bedroom Apartment in Colosseo with Aircon,Not Found
451591,Modern CLS,Not Found
451111,Vatican Giuliana,Not Found
451224,Crescenzio,Not Found
452073,Trastevere Joy,Not Found
386685,Lovely Apartment St Peter's,Not Found
451625,Monti Clementina,Not Found
451438,Sweet Colosseum,Not Found
451452,Vaticano Konstantin,Not Found
362247,All You Need is Rome,Not Found
452532,Grand Urbana Duplex,Not Found
452349,San Giovanni Suite,Not Found
451170,Livia,Not Found
451200,Navona Boutique,Not Found
451024,Scala Duplex,Not Found
451975,Trastevere Luna,Not Found
451322,Gallo,Not Found
451376,Bernini Suite Studio,Not Found
451232,Holidays,Not Found
452168,One Step To Pantheon,Not Found
450601,Studios Tiburtina I,Not Found
450941,Studios Tiburtina II,Not Found
450683,Campo De' Fiori Black,Not Found
451596,La Maison du Cardinal,Not Found
451852,Giulia Superior Suite 1,Not Found
451853,Giulia Superior Suite II,Not Found
451675,Vaticano Cipro 1,Not Found
452272,Vatican Museum,Not Found
450800,Campani Red,Not Found
452338,Colosseum View Suite,Not Found
452341,Grande Monteverde,Not Found
450780,Vaticano Cipro 2,Not Found
450871,Vatican Deluxe,Not Found
162308,Fantastic 2 Bedroom Apartment in Campo dei Fiori with Aircon,Not Found
450929,Vespasiano,Not Found
451799,Mattia Luminoso,Not Found
451105,Trastevere Terrace C1,Not Found
451106,Trastevere Terrace C3,Not Found
451108,Trastevere Terrace C5,Not Found
451110,Trastevere Bologna,Not Found
451197,Venezia Terrace,Not Found
144752,Intimate 1 Bedroom Apartment in Vaticano - Silveri Vatican Rome Studio,Not Found
451976,Trastevere Sole,Not Found
167565,Stylish Apartment - Piazza della Repubblica,Not Found
246146,John Cabot Uni Lovely Apartment,Not Found
451601,Portaportese,Not Found
451201,Sweet Trastevere,Not Found
451022,Piazza Navona Duplex,Not Found
450783,Classic Red,Not Found
450544,Rione Ponte,Not Found
451378,Lucky Domus Vatican,Not Found
362223,Gianicolense 3 Bedroom,Not Found
451878,St Peter Lodge,Not Found
452484,Navona Penthouse Terrace,Not Found
451020,Grecia Antica,Not Found
452342,Casa Grotte,Not Found
451582,Modern D1,Not Found
451320,Nazionale,Not Found
451379,Vatican Cool,Not Found
452424,Monteverde Garden,Not Found
452179,Nicolò V,Not Found
167544,Comfortable 1 Bedroom Apartment in Piazza Navona,Not Found
451240,Marco,Not Found
451241,Trilussa House,Not Found
452345,Babuino Steps,Not Found
452171,Domus B1,Not Found
452172,Domus B2,Not Found
452173,Domus B3,Not Found
451112,Navona Terrace,Not Found
451113,Navona Luxury Suite,Not Found
451775,Maria Maggiore,Not Found
452337,Principe Umberto,Not Found
452340,Gregorio VII,Not Found
451836,Grand Trevi Fountain,Not Found
450870,Cairoli,Not Found
451167,Eroi Bis,Not Found
450914,Degli Equi II,Not Found
450956,Vespucci,Not Found
451284,Monti Loft,Not Found
162309,Magna Grecia San Giovanni - 3 Bedroom Apartment in Esquilino,Not Found
161997,Pleasant Studio Apartment in Piazza Navona,Not Found
264693,Capo le Case Elegant Apartment,Not Found
451467,Otto House Roma II,Not Found
246102,Welcoming 2 Bedroom Apartment in Monte Verde,Not Found
451597,Lavinia Termini,Not Found
450810,Roman Walls I,Not Found
450811,Roman Walls II,Not Found
450812,Roman Walls III,Not Found
452238,Suite Capitale Museum,Not Found
451023,Leopardo,Not Found
452536,Stay Testaccio,Not Found
419456,Mantellate - Studio Apartment in Campo dei Fiori,Not Found
451182,Colisseum Labicana,Not Found
451598,Mantellate,Not Found
451600,Pianellari Loft,Not Found
451773,Bella Margutta,Not Found
451776,Margutta Studio,Not Found
451842,Diamond II,Not Found
450867,Ara Pacis Deluxe,Not Found
450937,Casilina,Not Found
167543,Great 2 Bedroom Apartment in Pantheon,Not Found
451518,Colosseum Monti,Not Found
452441,Saint Peter Station II,Not Found
451371,Trastevere Belli II,Not Found
451515,Trilussa,Not Found
450790,Leopard Studio,Not Found
451581,Modern TPZ,Not Found
450656,Marrucini,Not Found
450552,Degli Equi I,Not Found
450799,Tiburtino Living,Not Found
451199,Farnese Suite,Not Found
451770,Scala Trastevere Loft,Not Found
451783,Monserrato Loft,Not Found
451784,Cartari Suite,Not Found
451029,Spanish Steps Piccolo,Not Found
162005,Ara Pacis Enchanting Apartment,Not Found
451172,Celestino Suite,Not Found
451028,Sannio Terrace White,Not Found
451818,Testaccio,Not Found
452344,San Giovanni House,Not Found
452346,Testaccio 2,Not Found
452347,Attico Sannio,Not Found
165846,Spacious 2 Bedroom Apartment in Colosseo with Aircon and Balcony,Not Found
337429,Convenient Studio Apartment in Piazza Navona,Not Found
451987,Trastevere Lovely House,Not Found
452169,Casa di Lucrezia,Not Found
337660,Large 1 Bedroom Apartment in Pantheon,Not Found
344448,Short Stay in Rome Apartment Vatican,Not Found
451109,Trastevere Terrace C4,Not Found
452422,Piazza Venezia Penthouse,Not Found
451584,Modern LG1,Not Found
451588,Modern LP Loft,Not Found
451849,San Pietro Charme,Not Found
451583,Modern LG2,Not Found
451231,Suite Vaticano,Not Found
451377,Borromini Suite,Not Found
451165,Cupolone,Not Found
451166,Elisa,Not Found
451169,Flavia II,Not Found
451449,City Centre Popolo,Not Found
450877,Torlonia Deluxe,Not Found
451183,Romantic Vatican,Not Found
451272,Rione Ponte II,Not Found
451019,Atmosfere White,Not Found
170419,Trevi Enchanting Terrace 1 Bedroom Apartment,Not Found
452044,Trastevere Cuore Verde,Not Found
162297,Cappellari 2 - 1 Bedroom Apartment in Rome,Not Found
450623,Viale Vaticano,Not Found
162306,Pleasant 1 Bedroom Apartment in Esquilino,Not Found
452524,Julia Domus,Not Found
451589,Modern SPH,Not Found
451756,Vaticano Moderno,Not Found
451782,Borgo Pio,Not Found
452043,Collina Verde Trastevere,Not Found
452440,Saint Peter Station I,Not Found
453379,Vittoria Terrace,Not Found
452402,Vaticano Giuliana Deluxe,Not Found
452178,Vaticano Giuliana Suite,Not Found
451755,Gran Terrazza Navona,Not Found
451453,Trastevere Garden,Not Found
167136,Termini B - 1 Bedroom Apartment in Rome,Not Found
265334,Accessible 1 Bedroom Apartment in Campo dei Fiori with Aircon and Balcony,Not Found
451336,Navona Romantic Roof Loft,Not Found
452421,Trastevere Heart,Not Found
187449,Lovely 1 Bedroom Apartment in Villa Borghese with Aircon,Not Found
265337,Castel Bright Boutique Domus - 1 Bedroom in Quartiere Portuense,Not Found
161968,Colosseo Terrace Apartment,Not Found
264652,Borgo Pio Panoramic Apartment,Not Found
452535,Sant Angelo Bridge,Not Found
419454,Casa Marmorata - 2 Bedroom Apartment in Testaccio,Not Found
451791,Romolo Borgo Pio,Not Found
451342,Fienaroli,Not Found
209541,Pleasant 1 Bedroom Apartment in Pantheon,Not Found
187673,Cozy Apartment,Not Found
451771,Piccolo Chiavari,Not Found
451772,Cappellari 5,Not Found
451025,Cappellari 73 Yellow,Not Found
451026,Cappellari 73 Green,Not Found
451027,Cappellari 73 White,Not Found
161835,Great 1 Bedroom Apartment in Pantheon,Not Found
419455,Zanardelli - 1 Bedroom Apartment in Piazza Navona,Not Found
451173,San Eligio,Not Found
452350,Terrace Dream,Not Found
337217,Parione - 1 Bedroom Apartment in Piazza Navona,Not Found
162069,Panoramic Breathtaking View Argentina,Not Found
264650,Panoramic Terrace Trastevere,Not Found
264665,Spanish Steps Elegant Apartment,Not Found
451501,Trevi Fountain,Not Found
347476,Trendy Apartment Piazza del Popolo,Not Found
362228,Via Veneto 3 Bedroom,Not Found
442664,S. Angelo Bridge - Super Central - STAY ALL IN,Not Found
451780,Giulia Town House,Not Found
451018,Piazza Navona Relais,Not Found
161974,Villa Fortuny Esquilino Apartment,Not Found
162009,Navona Apartment Panoramic Terrace,Not Found
264696,Great 1 Bedroom Apartment in Pantheon,Not Found
368699,Well-appointed 3 Bedroom Apartment in Piazza Navona,Not Found
337219,Friendly 1 Bedroom Apartment in Trastevere  with Aircon - Leopardo,Not Found
452401,Meda Living,Not Found
452429,Trastevere Balcony,Not Found
162063,Governo Vecchio Luxury Modern Apartment,Not Found
161989,Spagnoli Quiet Apartment 2,Not Found
162006,Charming 1 Bedroom Apartment in Colosseo - Madonna dei Monti Panoramic Terraceoriginal,Not Found
451168,Flavia I,Not Found
337426,Gesù 1 Apartment,Not Found
210951,Good-sized 2 Bedroom Apartment in Pantheon,Not Found
209542,Casa della Rotonda Roof terrace - 2 Bedroom Apartment in Pantheon,Not Found
167135,Pleasant 1 Bedroom Apartment in San Lorenzo,Not Found
337487,Convenient Studio Apartment in Pantheon,Not Found
451354,The Heart of Rome,Not Found
338525,Charming 1 Bedroom Apartment in Pantheon,Not Found
451781,Gran Vista Colosseum,Not Found
451401,Monti Loft 1,Not Found
191704,Pantheon Spanish Steps 2 Bedroom Rome,Not Found
452526,Julia Domus Angels,Not Found
452041,San Pietro Monteverde,Not Found
164165,Livia - 1 Bedroom Apartment in Rome,Not Found
206315,Fantastic 2 Bedroom Apartment in Piazza di Spagna - Lucina Spanish Steps Rome,Not Found
389048,Giubbonari Pietro Apartment,Not Found
419453,Domus Papa - 2 Bedroom Apartment in Vaticano,Not Found
167132,Vaticano C - 1 Bedroom Apartment in Rome,Not Found
167142,Beautiful 1 Bedroom Apartment in San Lorenzo,Not Found
161829,Piazza Navona Lancellotti 2 Bedroom Apartment,Not Found
161979,Elegant  Bright  Apartment Vatican,Not Found
264649,Piazza Navona Breathtaking View - 2 Bedroom Apartment in Piazza Navona,Not Found
161999,Lovely 2 Bedroom Apartment in Pantheon,Not Found
162011,Enchanting Apartment Giulia View,Not Found
161756,Stunning 2 Bedroom Apartment in Piazza Navona,Not Found
161760,Campo dei Fiori Bright Apartment,Not Found
264687,Charming 2 Bedroom Apartment in Piazza Navona,Not Found
264690,Trevi Fountain Apartment,Not Found
162036,Giulia Stylish Enchanting Apartment,Not Found
203447,Cupola - 3 Bedroom Apartment in Rome,Not Found
167138,Welcoming 2 Bedroom Apartment in San Lorenzo,Not Found
337490,Vacche Alberto - 1 Bedroom Apartment in Piazza Navona,Not Found
348555,Minerva 4,Not Found
169574,1 Bedroom Apartment in Piazza Navona,Not Found
167140,Large 1 Bedroom Apartment in San Lorenzo,Not Found
171071,Marvellous 4 Bedroom Apartment in Campo dei Fiori - Baullari,Not Found
203454,Incredible 3 Bedroom Apartment in Campo dei Fiori - Arenula,Not Found
164171,Torlonia Deluxe - 2 Bedroom Apartment in Rome,Not Found
188277,Giulia Luxury Apartment,Not Found
162143,Villa Fortuny Borghetto Apartment,Not Found
264675,Well-spaced 2 Bedroom Apartment in Esquilino,Not Found
264697,Spanish Steps Panoramic Apartment,Not Found
452026,Piazza di Spagna Loft,Not Found
161972,Giulia Penthouse Apartment,Not Found
171067,Perfect 5 Bedroom Apartment in Piazza Navona,Not Found
161828,Large 2 Bedroom Apartment in Campo Marzio with Aircon,Not Found
264668,Lucina Wonderful View 2 Bedroom Apartment in Piazza di Spagna,Not Found
164147,Ara Pacis - 1 Bedroom Apartment in Rome,Not Found
264698,Palazzo Lancellotti Luxury Apartment,Not Found
247039,Capo di Ferro - 5 Bedroom Apartment in Rome,Not Found
393273,Villa Fiera - 3 Bedroom House in Quartiere Portuense,Not Found
186867,Excellent 3 Bedroom Apartment in Trevi,Not Found
451774,Montserrato di Fiori,Not Found
167566,Beautiful Apartment - St. Peter,Not Found
167146,Charming 3 Bedroom Apartment in Trastevere  with Aircon,Not Found
162031,Pantheon Large Comfortable Apartment,Not Found
144747,5 Bedroom Apartment - Colosseum Imperiali View Rome,Not Found
337428,Spacious 2 Bedroom Apartment in Piazza Navona,Not Found
161988,Villa Fortuny Quirinale Apartment,Not Found
169978,Incredible 4 Bedroom Apartment in Esquilino,Not Found
451246,Castelfidardo,Not Found
